/home/alice/Estudos/ReactOS/ReactOSRCCompile1/build/boot/empty
i386/reactos.inf=/home/alice/Estudos/ReactOS/ReactOSRCCompile1/build/boot/bootdata/packages/reactos.inf
i386/txtsetup.sif=/home/alice/Estudos/ReactOS/ReactOSRCCompile1/boot/bootdata/txtsetup.sif
i386/caroots.inf=/home/alice/Estudos/ReactOS/ReactOSRCCompile1/build/boot/bootdata/caroots.inf
/autorun.inf=/home/alice/Estudos/ReactOS/ReactOSRCCompile1/boot/bootdata/autorun.inf
/icon.ico=/home/alice/Estudos/ReactOS/ReactOSRCCompile1/boot/bootdata/icon.ico
/readme.txt=/home/alice/Estudos/ReactOS/ReactOSRCCompile1/boot/bootdata/readme.txt
/freeldr.ini=/home/alice/Estudos/ReactOS/ReactOSRCCompile1/boot/bootdata/bootcd.ini
i386/unattend.inf=/home/alice/Estudos/ReactOS/ReactOSRCCompile1/boot/bootdata/bootcd/unattend.inf
loader/dosmbr.bin=/home/alice/Estudos/ReactOS/ReactOSRCCompile1/build/boot/freeldr/bootsect/dosmbr.bin
loader/ext.bin=/home/alice/Estudos/ReactOS/ReactOSRCCompile1/build/boot/freeldr/bootsect/ext.bin
loader/extldr.sys=/home/alice/Estudos/ReactOS/ReactOSRCCompile1/build/boot/freeldr/bootsect/extldr.sys
loader/btrfs.bin=/home/alice/Estudos/ReactOS/ReactOSRCCompile1/build/boot/freeldr/bootsect/btrfs.bin
loader/fat.bin=/home/alice/Estudos/ReactOS/ReactOSRCCompile1/build/boot/freeldr/bootsect/fat.bin
loader/fat32.bin=/home/alice/Estudos/ReactOS/ReactOSRCCompile1/build/boot/freeldr/bootsect/fat32.bin
loader/ntfs.bin=/home/alice/Estudos/ReactOS/ReactOSRCCompile1/build/boot/freeldr/bootsect/ntfs.bin
loader/isoboot.bin=/home/alice/Estudos/ReactOS/ReactOSRCCompile1/build/boot/freeldr/bootsect/isoboot.bin
loader/isobtrt.bin=/home/alice/Estudos/ReactOS/ReactOSRCCompile1/build/boot/freeldr/bootsect/isobtrt.bin
loader/isombr.bin=/home/alice/Estudos/ReactOS/ReactOSRCCompile1/build/boot/freeldr/bootsect/isombr.bin
loader/fdebug.exe=/home/alice/Estudos/ReactOS/ReactOSRCCompile1/build/boot/freeldr/fdebug/fdebug.exe
loader/freeldr.sys=/home/alice/Estudos/ReactOS/ReactOSRCCompile1/build/boot/freeldr/freeldr/freeldr.sys
loader/rosload.exe=/home/alice/Estudos/ReactOS/ReactOSRCCompile1/build/boot/freeldr/freeldr/rosload.exe
loader/installfreeldr.exe=/home/alice/Estudos/ReactOS/ReactOSRCCompile1/build/boot/freeldr/install/installfreeldr.exe
loader/remaster.cmd=/home/alice/Estudos/ReactOS/ReactOSRCCompile1/boot/remaster.cmd
loader/remaster.sh=/home/alice/Estudos/ReactOS/ReactOSRCCompile1/boot/remaster.sh
i386/system32/setuplib.dll=/home/alice/Estudos/ReactOS/ReactOSRCCompile1/build/base/setup/lib/setuplib.dll
i386/reactos.exe=/home/alice/Estudos/ReactOS/ReactOSRCCompile1/build/base/setup/reactos/reactos.exe
i386/system32/smss.exe=/home/alice/Estudos/ReactOS/ReactOSRCCompile1/build/base/setup/usetup/usetup.exe
/setup.exe=/home/alice/Estudos/ReactOS/ReactOSRCCompile1/build/base/setup/welcome/welcome.exe
i386/system32/ntdll.dll=/home/alice/Estudos/ReactOS/ReactOSRCCompile1/build/dll/ntdll/ntdll.dll
i386/system32/pc98bvid.dll=/home/alice/Estudos/ReactOS/ReactOSRCCompile1/build/drivers/base/bootvid/pc98bvid.dll
i386/system32/xboxbvid.dll=/home/alice/Estudos/ReactOS/ReactOSRCCompile1/build/drivers/base/bootvid/xboxbvid.dll
i386/system32/bootvid.dll=/home/alice/Estudos/ReactOS/ReactOSRCCompile1/build/drivers/base/bootvid/bootvid.dll
i386/system32/lfbbvid.dll=/home/alice/Estudos/ReactOS/ReactOSRCCompile1/build/drivers/base/bootvid/lfbbvid.dll
i386/system32/drivers/condrv.sys=/home/alice/Estudos/ReactOS/ReactOSRCCompile1/build/drivers/base/condrv/condrv.sys
i386/system32/kdcom.dll=/home/alice/Estudos/ReactOS/ReactOSRCCompile1/build/drivers/base/kdrosdbg/kdcom.dll
i386/system32/drivers/nmidebug.sys=/home/alice/Estudos/ReactOS/ReactOSRCCompile1/build/drivers/base/nmidebug/nmidebug.sys
i386/system32/drivers/acpi.sys=/home/alice/Estudos/ReactOS/ReactOSRCCompile1/build/drivers/bus/acpi/acpi.sys
i386/system32/drivers/isapnp.sys=/home/alice/Estudos/ReactOS/ReactOSRCCompile1/build/drivers/bus/isapnp/isapnp.sys
i386/system32/drivers/pci.sys=/home/alice/Estudos/ReactOS/ReactOSRCCompile1/build/drivers/bus/pci/pci.sys
i386/system32/drivers/pcix.sys=/home/alice/Estudos/ReactOS/ReactOSRCCompile1/build/drivers/bus/pcix/pcix.sys
i386/system32/drivers/pcmcia.sys=/home/alice/Estudos/ReactOS/ReactOSRCCompile1/build/drivers/bus/pcmcia/pcmcia.sys
i386/system32/drivers/ksecdd.sys=/home/alice/Estudos/ReactOS/ReactOSRCCompile1/build/drivers/crypto/ksecdd/ksecdd.sys
i386/system32/drivers/btrfs.sys=/home/alice/Estudos/ReactOS/ReactOSRCCompile1/build/drivers/filesystems/btrfs/btrfs.sys
i386/system32/drivers/cdfs.sys=/home/alice/Estudos/ReactOS/ReactOSRCCompile1/build/drivers/filesystems/cdfs/cdfs.sys
i386/system32/drivers/fastfat.sys=/home/alice/Estudos/ReactOS/ReactOSRCCompile1/build/drivers/filesystems/fastfat/fastfat.sys
i386/system32/drivers/fltmgr.sys=/home/alice/Estudos/ReactOS/ReactOSRCCompile1/build/drivers/filters/fltmgr/fltmgr.sys
i386/system32/drivers/hidclass.sys=/home/alice/Estudos/ReactOS/ReactOSRCCompile1/build/drivers/hid/hidclass/hidclass.sys
i386/system32/drivers/hidparse.sys=/home/alice/Estudos/ReactOS/ReactOSRCCompile1/build/drivers/hid/hidparse/hidparse.sys
i386/system32/drivers/hidusb.sys=/home/alice/Estudos/ReactOS/ReactOSRCCompile1/build/drivers/hid/hidusb/hidusb.sys
i386/system32/drivers/kbdhid.sys=/home/alice/Estudos/ReactOS/ReactOSRCCompile1/build/drivers/hid/kbdhid/kbdhid.sys
i386/system32/drivers/i8042prt.sys=/home/alice/Estudos/ReactOS/ReactOSRCCompile1/build/drivers/input/i8042prt/i8042prt.sys
i386/system32/drivers/kbdclass.sys=/home/alice/Estudos/ReactOS/ReactOSRCCompile1/build/drivers/input/kbdclass/kbdclass.sys
i386/system32/drivers/swenum.sys=/home/alice/Estudos/ReactOS/ReactOSRCCompile1/build/drivers/ksfilter/swenum/swenum.sys
i386/system32/drivers/sacdrv.sys=/home/alice/Estudos/ReactOS/ReactOSRCCompile1/build/drivers/sac/driver/sacdrv.sys
i386/system32/drivers/blue.sys=/home/alice/Estudos/ReactOS/ReactOSRCCompile1/build/drivers/setup/blue/blue.sys
i386/system32/drivers/cdrom.sys=/home/alice/Estudos/ReactOS/ReactOSRCCompile1/build/drivers/storage/class/cdrom/cdrom.sys
i386/system32/drivers/classpnp.sys=/home/alice/Estudos/ReactOS/ReactOSRCCompile1/build/drivers/storage/class/classpnp/classpnp.sys
i386/system32/drivers/disk.sys=/home/alice/Estudos/ReactOS/ReactOSRCCompile1/build/drivers/storage/class/disk/disk.sys
i386/system32/drivers/ramdisk.sys=/home/alice/Estudos/ReactOS/ReactOSRCCompile1/build/drivers/storage/class/ramdisk/ramdisk.sys
i386/system32/drivers/floppy.sys=/home/alice/Estudos/ReactOS/ReactOSRCCompile1/build/drivers/storage/floppy/floppy/floppy.sys
i386/system32/drivers/atapi.sys=/home/alice/Estudos/ReactOS/ReactOSRCCompile1/build/drivers/storage/ide/atapi/atapi.sys
i386/system32/drivers/legide.sys=/home/alice/Estudos/ReactOS/ReactOSRCCompile1/build/drivers/storage/ide/legide/legide.sys
i386/system32/drivers/pciide.sys=/home/alice/Estudos/ReactOS/ReactOSRCCompile1/build/drivers/storage/ide/pciide/pciide.sys
i386/system32/drivers/pciidex.sys=/home/alice/Estudos/ReactOS/ReactOSRCCompile1/build/drivers/storage/ide/pciidex/pciidex.sys
i386/system32/drivers/uniata.sys=/home/alice/Estudos/ReactOS/ReactOSRCCompile1/build/drivers/storage/ide/uniata/uniata.sys
i386/system32/drivers/mountmgr.sys=/home/alice/Estudos/ReactOS/ReactOSRCCompile1/build/drivers/storage/mountmgr/mountmgr.sys
i386/system32/drivers/partmgr.sys=/home/alice/Estudos/ReactOS/ReactOSRCCompile1/build/drivers/storage/partmgr/partmgr.sys
i386/system32/drivers/buslogic.sys=/home/alice/Estudos/ReactOS/ReactOSRCCompile1/build/drivers/storage/port/buslogic/buslogic.sys
i386/system32/drivers/scsiport.sys=/home/alice/Estudos/ReactOS/ReactOSRCCompile1/build/drivers/storage/port/scsiport/scsiport.sys
i386/system32/drivers/storport.sys=/home/alice/Estudos/ReactOS/ReactOSRCCompile1/build/drivers/storage/port/storport/storport.sys
i386/system32/drivers/usbccgp.sys=/home/alice/Estudos/ReactOS/ReactOSRCCompile1/build/drivers/usb/usbccgp/usbccgp.sys
i386/system32/drivers/usbd.sys=/home/alice/Estudos/ReactOS/ReactOSRCCompile1/build/drivers/usb/usbd/usbd.sys
i386/system32/drivers/usbehci.sys=/home/alice/Estudos/ReactOS/ReactOSRCCompile1/build/drivers/usb/usbehci/usbehci.sys
i386/system32/drivers/usbhub.sys=/home/alice/Estudos/ReactOS/ReactOSRCCompile1/build/drivers/usb/usbhub/usbhub.sys
i386/system32/drivers/usbohci.sys=/home/alice/Estudos/ReactOS/ReactOSRCCompile1/build/drivers/usb/usbohci/usbohci.sys
i386/system32/drivers/usbport.sys=/home/alice/Estudos/ReactOS/ReactOSRCCompile1/build/drivers/usb/usbport/usbport.sys
i386/system32/drivers/usbstor.sys=/home/alice/Estudos/ReactOS/ReactOSRCCompile1/build/drivers/usb/usbstor/usbstor.sys
i386/system32/drivers/usbuhci.sys=/home/alice/Estudos/ReactOS/ReactOSRCCompile1/build/drivers/usb/usbuhci/usbuhci.sys
i386/system32/drivers/wmilib.sys=/home/alice/Estudos/ReactOS/ReactOSRCCompile1/build/drivers/wmi/wmilib.sys
i386/system32/hal.dll=/home/alice/Estudos/ReactOS/ReactOSRCCompile1/build/hal/halx86/hal.dll
i386/system32/halacpi.dll=/home/alice/Estudos/ReactOS/ReactOSRCCompile1/build/hal/halx86/halacpi.dll
i386/system32/halaacpi.dll=/home/alice/Estudos/ReactOS/ReactOSRCCompile1/build/hal/halx86/halaacpi.dll
i386/system32/halapic.dll=/home/alice/Estudos/ReactOS/ReactOSRCCompile1/build/hal/halx86/halapic.dll
i386/system32/halxbox.dll=/home/alice/Estudos/ReactOS/ReactOSRCCompile1/build/hal/halx86/halxbox.dll
i386/system32/halpc98.dll=/home/alice/Estudos/ReactOS/ReactOSRCCompile1/build/hal/halx86/halpc98.dll
i386/system32/halmacpi.dll=/home/alice/Estudos/ReactOS/ReactOSRCCompile1/build/hal/halx86/halmacpi.dll
i386/system32/drivers/wdfldr.sys=/home/alice/Estudos/ReactOS/ReactOSRCCompile1/build/sdk/lib/drivers/wdf/wdfldr/wdfldr.sys
i386/system32/drivers/wdf01000.sys=/home/alice/Estudos/ReactOS/ReactOSRCCompile1/build/sdk/lib/drivers/wdf/wdf01000.sys
i386/system32/c_1252.nls=/home/alice/Estudos/ReactOS/ReactOSRCCompile1/build/media/nls/c_1252.nls
i386/system32/c_437.nls=/home/alice/Estudos/ReactOS/ReactOSRCCompile1/build/media/nls/c_437.nls
i386/system32/l_intl.nls=/home/alice/Estudos/ReactOS/ReactOSRCCompile1/media/nls/l_intl.nls
i386/vgafonts.cab=/home/alice/Estudos/ReactOS/ReactOSRCCompile1/build/media/vgafonts/vgafonts.cab
i386/system32/ntoskrnl.exe=/home/alice/Estudos/ReactOS/ReactOSRCCompile1/build/ntoskrnl/ntoskrnl.exe
i386/system32/ntkrnlmp.exe=/home/alice/Estudos/ReactOS/ReactOSRCCompile1/build/ntoskrnl/ntkrnlmp/ntkrnlmp.exe
i386/registry.inf=/home/alice/Estudos/ReactOS/ReactOSRCCompile1/build/boot/bootdata/registry.inf
i386/SETUPREG.HIV=/home/alice/Estudos/ReactOS/ReactOSRCCompile1/build/boot/bootdata/SETUPREG.HIV
efi/boot/BCD=/home/alice/Estudos/ReactOS/ReactOSRCCompile1/build/boot/bootdata/BCD
i386/reactos.cab=/home/alice/Estudos/ReactOS/ReactOSRCCompile1/build/reactos.cab
/home/alice/Estudos/ReactOS/ReactOSRCCompile1/build/boot/empty
reactos/TEMP=/home/alice/Estudos/ReactOS/ReactOSRCCompile1/build/boot/empty
Profiles/All Users/Application Data=/home/alice/Estudos/ReactOS/ReactOSRCCompile1/build/boot/empty
Profiles/All Users/Documents/My Music=/home/alice/Estudos/ReactOS/ReactOSRCCompile1/build/boot/empty
Profiles/All Users/Documents/My Pictures=/home/alice/Estudos/ReactOS/ReactOSRCCompile1/build/boot/empty
Profiles/All Users/Documents/My Videos=/home/alice/Estudos/ReactOS/ReactOSRCCompile1/build/boot/empty
Profiles/All Users/Favorites=/home/alice/Estudos/ReactOS/ReactOSRCCompile1/build/boot/empty
Profiles/All Users/My Documents=/home/alice/Estudos/ReactOS/ReactOSRCCompile1/build/boot/empty
Profiles/All Users/Start Menu/Programs/StartUp=/home/alice/Estudos/ReactOS/ReactOSRCCompile1/build/boot/empty
Profiles/All Users/Templates=/home/alice/Estudos/ReactOS/ReactOSRCCompile1/build/boot/empty
Profiles/Default User/Application Data=/home/alice/Estudos/ReactOS/ReactOSRCCompile1/build/boot/empty
Profiles/Default User/Application Data/Microsoft/Internet Explorer/Quick Launch=/home/alice/Estudos/ReactOS/ReactOSRCCompile1/build/boot/empty
Profiles/Default User/Cookies=/home/alice/Estudos/ReactOS/ReactOSRCCompile1/build/boot/empty
Profiles/Default User/Desktop=/home/alice/Estudos/ReactOS/ReactOSRCCompile1/build/boot/empty
Profiles/Default User/Favorites=/home/alice/Estudos/ReactOS/ReactOSRCCompile1/build/boot/empty
Profiles/Default User/Local Settings/Application Data=/home/alice/Estudos/ReactOS/ReactOSRCCompile1/build/boot/empty
Profiles/Default User/Local Settings/History=/home/alice/Estudos/ReactOS/ReactOSRCCompile1/build/boot/empty
Profiles/Default User/Local Settings/Temporary Internet Files=/home/alice/Estudos/ReactOS/ReactOSRCCompile1/build/boot/empty
Profiles/Default User/My Documents=/home/alice/Estudos/ReactOS/ReactOSRCCompile1/build/boot/empty
Profiles/Default User/My Music=/home/alice/Estudos/ReactOS/ReactOSRCCompile1/build/boot/empty
Profiles/Default User/My Pictures=/home/alice/Estudos/ReactOS/ReactOSRCCompile1/build/boot/empty
Profiles/Default User/My Videos=/home/alice/Estudos/ReactOS/ReactOSRCCompile1/build/boot/empty
Profiles/Default User/NetHood=/home/alice/Estudos/ReactOS/ReactOSRCCompile1/build/boot/empty
Profiles/Default User/PrintHood=/home/alice/Estudos/ReactOS/ReactOSRCCompile1/build/boot/empty
Profiles/Default User/Recent=/home/alice/Estudos/ReactOS/ReactOSRCCompile1/build/boot/empty
Profiles/Default User/SendTo=/home/alice/Estudos/ReactOS/ReactOSRCCompile1/build/boot/empty
Profiles/Default User/Start Menu/Programs=/home/alice/Estudos/ReactOS/ReactOSRCCompile1/build/boot/empty
Profiles/Default User/Start Menu/Programs/Administrative Tools=/home/alice/Estudos/ReactOS/ReactOSRCCompile1/build/boot/empty
Profiles/Default User/Start Menu/Programs/StartUp=/home/alice/Estudos/ReactOS/ReactOSRCCompile1/build/boot/empty
Profiles/Default User/Templates=/home/alice/Estudos/ReactOS/ReactOSRCCompile1/build/boot/empty
reactos/bin/regtest.cmd=/home/alice/Estudos/ReactOS/ReactOSRCCompile1/boot/bootdata/bootcdregtest/regtest.cmd
reactos/readme.txt=/home/alice/Estudos/ReactOS/ReactOSRCCompile1/boot/bootdata/readme.txt
reactos/welcome.ini=/home/alice/Estudos/ReactOS/ReactOSRCCompile1/boot/bootdata/welcome_config/welcome.ini
reactos/unattend.inf=/home/alice/Estudos/ReactOS/ReactOSRCCompile1/boot/bootdata/livecd/unattend.inf
Profiles/All Users/Desktop/Install ReactOS.lnk=/home/alice/Estudos/ReactOS/ReactOSRCCompile1/build/boot/bootdata/Install ReactOS.lnk
Profiles/All Users/Desktop/Read Me.lnk=/home/alice/Estudos/ReactOS/ReactOSRCCompile1/build/boot/bootdata/Read Me.lnk
Profiles/All Users/Start Menu/Programs/ReactOS Explorer.lnk=/home/alice/Estudos/ReactOS/ReactOSRCCompile1/build/boot/bootdata/ReactOS Explorer.lnk
Profiles/Default User/Application Data/Microsoft/Internet Explorer/Quick Launch/ReactOS Explorer.lnk=/home/alice/Estudos/ReactOS/ReactOSRCCompile1/build/boot/bootdata/ReactOS Explorer.lnk
Profiles/All Users/Desktop/Command Prompt.lnk=/home/alice/Estudos/ReactOS/ReactOSRCCompile1/build/boot/bootdata/Command Prompt.lnk
Profiles/All Users/Start Menu/Programs/Accessories/Command Prompt.lnk=/home/alice/Estudos/ReactOS/ReactOSRCCompile1/build/boot/bootdata/Command Prompt.lnk
Profiles/Default User/Application Data/Microsoft/Internet Explorer/Quick Launch/Command Prompt.lnk=/home/alice/Estudos/ReactOS/ReactOSRCCompile1/build/boot/bootdata/Command Prompt.lnk
Profiles/All Users/Start Menu/Programs/Administrative Tools/Device Manager.lnk=/home/alice/Estudos/ReactOS/ReactOSRCCompile1/build/boot/bootdata/Device Manager.lnk
Profiles/All Users/Start Menu/Programs/Administrative Tools/Event Viewer.lnk=/home/alice/Estudos/ReactOS/ReactOSRCCompile1/build/boot/bootdata/Event Viewer.lnk
Profiles/All Users/Start Menu/Programs/Administrative Tools/Service Manager.lnk=/home/alice/Estudos/ReactOS/ReactOSRCCompile1/build/boot/bootdata/Service Manager.lnk
Profiles/All Users/Start Menu/Programs/Administrative Tools/System Configuration.lnk=/home/alice/Estudos/ReactOS/ReactOSRCCompile1/build/boot/bootdata/System Configuration.lnk
Profiles/All Users/Start Menu/Programs/Accessories/Accessibility/Accessibility Utility Manager.lnk=/home/alice/Estudos/ReactOS/ReactOSRCCompile1/build/boot/bootdata/Accessibility Utility Manager.lnk
Profiles/All Users/Start Menu/Programs/Accessories/Accessibility/Magnify.lnk=/home/alice/Estudos/ReactOS/ReactOSRCCompile1/build/boot/bootdata/Magnify.lnk
Profiles/All Users/Start Menu/Programs/Accessories/Accessibility/On-Screen Keyboard.lnk=/home/alice/Estudos/ReactOS/ReactOSRCCompile1/build/boot/bootdata/On-Screen Keyboard.lnk
Profiles/All Users/Start Menu/Programs/Accessories/Communications/Remote Desktop Connection.lnk=/home/alice/Estudos/ReactOS/ReactOSRCCompile1/build/boot/bootdata/Remote Desktop Connection.lnk
Profiles/All Users/Start Menu/Programs/Accessories/Entertainment/Multimedia Player.lnk=/home/alice/Estudos/ReactOS/ReactOSRCCompile1/build/boot/bootdata/Multimedia Player.lnk
Profiles/All Users/Start Menu/Programs/Accessories/Entertainment/Sound Recorder.lnk=/home/alice/Estudos/ReactOS/ReactOSRCCompile1/build/boot/bootdata/Sound Recorder.lnk
Profiles/All Users/Start Menu/Programs/Accessories/Entertainment/Volume Control.lnk=/home/alice/Estudos/ReactOS/ReactOSRCCompile1/build/boot/bootdata/Volume Control.lnk
Profiles/All Users/Start Menu/Programs/Accessories/System Tools/Character Map.lnk=/home/alice/Estudos/ReactOS/ReactOSRCCompile1/build/boot/bootdata/Character Map.lnk
Profiles/All Users/Start Menu/Programs/Accessories/System Tools/Clipboard Viewer.lnk=/home/alice/Estudos/ReactOS/ReactOSRCCompile1/build/boot/bootdata/Clipboard Viewer.lnk
Profiles/All Users/Start Menu/Programs/Accessories/System Tools/Keyboard Layout Switcher.lnk=/home/alice/Estudos/ReactOS/ReactOSRCCompile1/build/boot/bootdata/Keyboard Layout Switcher.lnk
Profiles/All Users/Start Menu/Programs/Accessories/System Tools/ReactX Diagnostic.lnk=/home/alice/Estudos/ReactOS/ReactOSRCCompile1/build/boot/bootdata/ReactX Diagnostic.lnk
Profiles/All Users/Start Menu/Programs/Accessories/System Tools/Registry Editor.lnk=/home/alice/Estudos/ReactOS/ReactOSRCCompile1/build/boot/bootdata/Registry Editor.lnk
Profiles/All Users/Start Menu/Programs/Accessories/System Tools/Task Manager.lnk=/home/alice/Estudos/ReactOS/ReactOSRCCompile1/build/boot/bootdata/Task Manager.lnk
Profiles/All Users/Start Menu/Programs/Accessories/Calculator.lnk=/home/alice/Estudos/ReactOS/ReactOSRCCompile1/build/boot/bootdata/Calculator.lnk
Profiles/All Users/Start Menu/Programs/Accessories/Paint.lnk=/home/alice/Estudos/ReactOS/ReactOSRCCompile1/build/boot/bootdata/Paint.lnk
Profiles/All Users/Start Menu/Programs/Accessories/Notepad.lnk=/home/alice/Estudos/ReactOS/ReactOSRCCompile1/build/boot/bootdata/Notepad.lnk
Profiles/All Users/Start Menu/Programs/Accessories/WordPad.lnk=/home/alice/Estudos/ReactOS/ReactOSRCCompile1/build/boot/bootdata/WordPad.lnk
Profiles/All Users/Start Menu/Programs/Games/Solitaire.lnk=/home/alice/Estudos/ReactOS/ReactOSRCCompile1/build/boot/bootdata/Solitaire.lnk
Profiles/All Users/Start Menu/Programs/Games/Spider Solitaire.lnk=/home/alice/Estudos/ReactOS/ReactOSRCCompile1/build/boot/bootdata/Spider Solitaire.lnk
Profiles/All Users/Start Menu/Programs/Games/WineMine.lnk=/home/alice/Estudos/ReactOS/ReactOSRCCompile1/build/boot/bootdata/WineMine.lnk
reactos/system32/atactl.exe=/home/alice/Estudos/ReactOS/ReactOSRCCompile1/build/base/applications/atactl/atactl.exe
reactos/system32/cacls.exe=/home/alice/Estudos/ReactOS/ReactOSRCCompile1/build/base/applications/cacls/cacls.exe
reactos/system32/calc.exe=/home/alice/Estudos/ReactOS/ReactOSRCCompile1/build/base/applications/calc/calc.exe
reactos/system32/charmap.exe=/home/alice/Estudos/ReactOS/ReactOSRCCompile1/build/base/applications/charmap/charmap.exe
reactos/system32/cleanmgr.exe=/home/alice/Estudos/ReactOS/ReactOSRCCompile1/build/base/applications/cleanmgr/cleanmgr/cleanmgr.exe
reactos/system32/clipbrd.exe=/home/alice/Estudos/ReactOS/ReactOSRCCompile1/build/base/applications/clipbrd/clipbrd.exe
reactos/system32/at.exe=/home/alice/Estudos/ReactOS/ReactOSRCCompile1/build/base/applications/cmdutils/at/at.exe
reactos/system32/attrib.exe=/home/alice/Estudos/ReactOS/ReactOSRCCompile1/build/base/applications/cmdutils/attrib/attrib.exe
reactos/system32/certutil.exe=/home/alice/Estudos/ReactOS/ReactOSRCCompile1/build/base/applications/cmdutils/certutil/certutil.exe
reactos/system32/chcp.com=/home/alice/Estudos/ReactOS/ReactOSRCCompile1/build/base/applications/cmdutils/chcp/chcp.com
reactos/system32/clip.exe=/home/alice/Estudos/ReactOS/ReactOSRCCompile1/build/base/applications/cmdutils/clip/clip.exe
reactos/system32/comp.exe=/home/alice/Estudos/ReactOS/ReactOSRCCompile1/build/base/applications/cmdutils/comp/comp.exe
reactos/system32/cscript.exe=/home/alice/Estudos/ReactOS/ReactOSRCCompile1/build/base/applications/cmdutils/cscript/cscript.exe
reactos/system32/dbgprint.exe=/home/alice/Estudos/ReactOS/ReactOSRCCompile1/build/base/applications/cmdutils/dbgprint/dbgprint.exe
reactos/system32/doskey.exe=/home/alice/Estudos/ReactOS/ReactOSRCCompile1/build/base/applications/cmdutils/doskey/doskey.exe
reactos/system32/eventcreate.exe=/home/alice/Estudos/ReactOS/ReactOSRCCompile1/build/base/applications/cmdutils/eventcreate/eventcreate.exe
reactos/system32/fc.exe=/home/alice/Estudos/ReactOS/ReactOSRCCompile1/build/base/applications/cmdutils/fc/fc.exe
reactos/system32/find.exe=/home/alice/Estudos/ReactOS/ReactOSRCCompile1/build/base/applications/cmdutils/find/find.exe
reactos/system32/fsutil.exe=/home/alice/Estudos/ReactOS/ReactOSRCCompile1/build/base/applications/cmdutils/fsutil/fsutil.exe
reactos/system32/help.exe=/home/alice/Estudos/ReactOS/ReactOSRCCompile1/build/base/applications/cmdutils/help/help.exe
reactos/system32/hostname.exe=/home/alice/Estudos/ReactOS/ReactOSRCCompile1/build/base/applications/cmdutils/hostname/hostname.exe
reactos/system32/label.exe=/home/alice/Estudos/ReactOS/ReactOSRCCompile1/build/base/applications/cmdutils/label/label.exe
reactos/system32/lodctr.exe=/home/alice/Estudos/ReactOS/ReactOSRCCompile1/build/base/applications/cmdutils/lodctr/lodctr.exe
reactos/system32/mode.com=/home/alice/Estudos/ReactOS/ReactOSRCCompile1/build/base/applications/cmdutils/mode/mode.com
reactos/system32/wbem/mofcomp.exe=/home/alice/Estudos/ReactOS/ReactOSRCCompile1/build/base/applications/cmdutils/mofcomp/mofcomp.exe
reactos/system32/more.com=/home/alice/Estudos/ReactOS/ReactOSRCCompile1/build/base/applications/cmdutils/more/more.com
reactos/system32/reg.exe=/home/alice/Estudos/ReactOS/ReactOSRCCompile1/build/base/applications/cmdutils/reg/reg.exe
reactos/system32/replace.exe=/home/alice/Estudos/ReactOS/ReactOSRCCompile1/build/base/applications/cmdutils/replace/replace.exe
reactos/system32/schtasks.exe=/home/alice/Estudos/ReactOS/ReactOSRCCompile1/build/base/applications/cmdutils/schtasks/schtasks.exe
reactos/system32/sort.exe=/home/alice/Estudos/ReactOS/ReactOSRCCompile1/build/base/applications/cmdutils/sort/sort.exe
reactos/system32/taskkill.exe=/home/alice/Estudos/ReactOS/ReactOSRCCompile1/build/base/applications/cmdutils/taskkill/taskkill.exe
reactos/system32/tasklist.exe=/home/alice/Estudos/ReactOS/ReactOSRCCompile1/build/base/applications/cmdutils/tasklist/tasklist.exe
reactos/system32/timeout.exe=/home/alice/Estudos/ReactOS/ReactOSRCCompile1/build/base/applications/cmdutils/timeout/timeout.exe
reactos/system32/tree.com=/home/alice/Estudos/ReactOS/ReactOSRCCompile1/build/base/applications/cmdutils/tree/tree.com
reactos/system32/where.exe=/home/alice/Estudos/ReactOS/ReactOSRCCompile1/build/base/applications/cmdutils/where/where.exe
reactos/system32/whoami.exe=/home/alice/Estudos/ReactOS/ReactOSRCCompile1/build/base/applications/cmdutils/whoami/whoami.exe
reactos/system32/wbem/wmic.exe=/home/alice/Estudos/ReactOS/ReactOSRCCompile1/build/base/applications/cmdutils/wmic/wmic.exe
reactos/system32/wscript.exe=/home/alice/Estudos/ReactOS/ReactOSRCCompile1/build/base/applications/cmdutils/wscript/wscript.exe
reactos/system32/xcopy.exe=/home/alice/Estudos/ReactOS/ReactOSRCCompile1/build/base/applications/cmdutils/xcopy/xcopy.exe
reactos/system32/control.exe=/home/alice/Estudos/ReactOS/ReactOSRCCompile1/build/base/applications/control/control.exe
reactos/system32/drwtsn32.exe=/home/alice/Estudos/ReactOS/ReactOSRCCompile1/build/base/applications/drwtsn32/drwtsn32.exe
reactos/system32/dxdiag.exe=/home/alice/Estudos/ReactOS/ReactOSRCCompile1/build/base/applications/dxdiag/dxdiag.exe
reactos/system32/extrac32.exe=/home/alice/Estudos/ReactOS/ReactOSRCCompile1/build/base/applications/extrac32/extrac32.exe
reactos/system32/findstr.exe=/home/alice/Estudos/ReactOS/ReactOSRCCompile1/build/base/applications/findstr/findstr.exe
reactos/system32/fltmc.exe=/home/alice/Estudos/ReactOS/ReactOSRCCompile1/build/base/applications/fltmc/fltmc.exe
reactos/system32/fontview.exe=/home/alice/Estudos/ReactOS/ReactOSRCCompile1/build/base/applications/fontview/fontview.exe
reactos/system32/sol.exe=/home/alice/Estudos/ReactOS/ReactOSRCCompile1/build/base/applications/games/solitaire/sol.exe
reactos/system32/spider.exe=/home/alice/Estudos/ReactOS/ReactOSRCCompile1/build/base/applications/games/spider/spider.exe
reactos/system32/winmine.exe=/home/alice/Estudos/ReactOS/ReactOSRCCompile1/build/base/applications/games/winmine/winmine.exe
reactos/hh.exe=/home/alice/Estudos/ReactOS/ReactOSRCCompile1/build/base/applications/hh/hh.exe
reactos/iexplore.exe=/home/alice/Estudos/ReactOS/ReactOSRCCompile1/build/base/applications/iexplore/iexplore.exe
reactos/system32/kbswitch.exe=/home/alice/Estudos/ReactOS/ReactOSRCCompile1/build/base/applications/kbswitch/kbswitch.exe
reactos/system32/indicdll.dll=/home/alice/Estudos/ReactOS/ReactOSRCCompile1/build/base/applications/kbswitch/indicdll/indicdll.dll
reactos/system32/logoff.exe=/home/alice/Estudos/ReactOS/ReactOSRCCompile1/build/base/applications/logoff/logoff.exe
reactos/system32/magnify.exe=/home/alice/Estudos/ReactOS/ReactOSRCCompile1/build/base/applications/magnify/magnify.exe
reactos/system32/mmc.exe=/home/alice/Estudos/ReactOS/ReactOSRCCompile1/build/base/applications/mmc/mmc.exe
reactos/system32/mplay32.exe=/home/alice/Estudos/ReactOS/ReactOSRCCompile1/build/base/applications/mplay32/mplay32.exe
reactos/system32/msconfig.exe=/home/alice/Estudos/ReactOS/ReactOSRCCompile1/build/base/applications/msconfig/msconfig.exe
reactos/system32/certmgr.exe=/home/alice/Estudos/ReactOS/ReactOSRCCompile1/build/base/applications/mscutils/certmgr/certmgr.exe
reactos/system32/devmgmt.exe=/home/alice/Estudos/ReactOS/ReactOSRCCompile1/build/base/applications/mscutils/devmgmt/devmgmt.exe
reactos/system32/eventvwr.exe=/home/alice/Estudos/ReactOS/ReactOSRCCompile1/build/base/applications/mscutils/eventvwr/eventvwr.exe
reactos/system32/servman.exe=/home/alice/Estudos/ReactOS/ReactOSRCCompile1/build/base/applications/mscutils/servman/servman.exe
reactos/system32/mshta.exe=/home/alice/Estudos/ReactOS/ReactOSRCCompile1/build/base/applications/mshta/mshta.exe
reactos/system32/mspaint.exe=/home/alice/Estudos/ReactOS/ReactOSRCCompile1/build/base/applications/mspaint/mspaint.exe
reactos/system32/mstsc.exe=/home/alice/Estudos/ReactOS/ReactOSRCCompile1/build/base/applications/mstsc/mstsc.exe
reactos/system32/arp.exe=/home/alice/Estudos/ReactOS/ReactOSRCCompile1/build/base/applications/network/arp/arp.exe
reactos/system32/dwnl.exe=/home/alice/Estudos/ReactOS/ReactOSRCCompile1/build/base/applications/network/dwnl/dwnl.exe
reactos/system32/finger.exe=/home/alice/Estudos/ReactOS/ReactOSRCCompile1/build/base/applications/network/finger/finger.exe
reactos/system32/ftp.exe=/home/alice/Estudos/ReactOS/ReactOSRCCompile1/build/base/applications/network/ftp/ftp.exe
reactos/system32/ipconfig.exe=/home/alice/Estudos/ReactOS/ReactOSRCCompile1/build/base/applications/network/ipconfig/ipconfig.exe
reactos/system32/net.exe=/home/alice/Estudos/ReactOS/ReactOSRCCompile1/build/base/applications/network/net/net.exe
reactos/system32/netsh.exe=/home/alice/Estudos/ReactOS/ReactOSRCCompile1/build/base/applications/network/netsh/netsh.exe
reactos/system32/netstat.exe=/home/alice/Estudos/ReactOS/ReactOSRCCompile1/build/base/applications/network/netstat/netstat.exe
reactos/system32/nslookup.exe=/home/alice/Estudos/ReactOS/ReactOSRCCompile1/build/base/applications/network/nslookup/nslookup.exe
reactos/system32/ping.exe=/home/alice/Estudos/ReactOS/ReactOSRCCompile1/build/base/applications/network/ping/ping.exe
reactos/system32/route.exe=/home/alice/Estudos/ReactOS/ReactOSRCCompile1/build/base/applications/network/route/route.exe
reactos/system32/telnet.exe=/home/alice/Estudos/ReactOS/ReactOSRCCompile1/build/base/applications/network/telnet/telnet.exe
reactos/system32/tracert.exe=/home/alice/Estudos/ReactOS/ReactOSRCCompile1/build/base/applications/network/tracert/tracert.exe
reactos/system32/whois.exe=/home/alice/Estudos/ReactOS/ReactOSRCCompile1/build/base/applications/network/whois/whois.exe
reactos/system32/wlanconf.exe=/home/alice/Estudos/ReactOS/ReactOSRCCompile1/build/base/applications/network/wlanconf/wlanconf.exe
reactos/notepad.exe=/home/alice/Estudos/ReactOS/ReactOSRCCompile1/build/base/applications/notepad/notepad.exe
reactos/system32/notepad.exe=/home/alice/Estudos/ReactOS/ReactOSRCCompile1/build/base/applications/notepad/notepad.exe
reactos/system32/osk.exe=/home/alice/Estudos/ReactOS/ReactOSRCCompile1/build/base/applications/osk/osk.exe
reactos/system32/rapps.exe=/home/alice/Estudos/ReactOS/ReactOSRCCompile1/build/base/applications/rapps/rapps.exe
reactos/system32/rapps.com=/home/alice/Estudos/ReactOS/ReactOSRCCompile1/build/base/applications/rapps_com/rapps.com
reactos/regedit.exe=/home/alice/Estudos/ReactOS/ReactOSRCCompile1/build/base/applications/regedit/regedit.exe
reactos/system32/clb.dll=/home/alice/Estudos/ReactOS/ReactOSRCCompile1/build/base/applications/regedit/clb/clb.dll
reactos/system32/regedt32.exe=/home/alice/Estudos/ReactOS/ReactOSRCCompile1/build/base/applications/regedt32/regedt32.exe
reactos/system32/runas.exe=/home/alice/Estudos/ReactOS/ReactOSRCCompile1/build/base/applications/runas/runas.exe
reactos/system32/sc.exe=/home/alice/Estudos/ReactOS/ReactOSRCCompile1/build/base/applications/sc/sc.exe
reactos/system32/3dtext.scr=/home/alice/Estudos/ReactOS/ReactOSRCCompile1/build/base/applications/screensavers/3dtext/3dtext.scr
reactos/system32/logon.scr=/home/alice/Estudos/ReactOS/ReactOSRCCompile1/build/base/applications/screensavers/logon/logon.scr
reactos/system32/sdbinst.exe=/home/alice/Estudos/ReactOS/ReactOSRCCompile1/build/base/applications/sdbinst/sdbinst.exe
reactos/system32/setup16.exe=/home/alice/Estudos/ReactOS/ReactOSRCCompile1/build/base/applications/setup16/setup16.exe
reactos/system32/shutdown.exe=/home/alice/Estudos/ReactOS/ReactOSRCCompile1/build/base/applications/shutdown/shutdown.exe
reactos/system32/sndrec32.exe=/home/alice/Estudos/ReactOS/ReactOSRCCompile1/build/base/applications/sndrec32/sndrec32.exe
reactos/system32/sndvol32.exe=/home/alice/Estudos/ReactOS/ReactOSRCCompile1/build/base/applications/sndvol32/sndvol32.exe
reactos/system32/taskmgr.exe=/home/alice/Estudos/ReactOS/ReactOSRCCompile1/build/base/applications/taskmgr/taskmgr.exe
reactos/system32/utilman.exe=/home/alice/Estudos/ReactOS/ReactOSRCCompile1/build/base/applications/utilman/utilman.exe
reactos/system32/umandlg.dll=/home/alice/Estudos/ReactOS/ReactOSRCCompile1/build/base/applications/utilman/umandlg/umandlg.dll
reactos/winhlp32.exe=/home/alice/Estudos/ReactOS/ReactOSRCCompile1/build/base/applications/winhlp32/winhlp32.exe
reactos/system32/winver.exe=/home/alice/Estudos/ReactOS/ReactOSRCCompile1/build/base/applications/winver/winver.exe
reactos/system32/wordpad.exe=/home/alice/Estudos/ReactOS/ReactOSRCCompile1/build/base/applications/wordpad/wordpad.exe
reactos/system32/write.exe=/home/alice/Estudos/ReactOS/ReactOSRCCompile1/build/base/applications/write/write.exe
reactos/system32/wusa.exe=/home/alice/Estudos/ReactOS/ReactOSRCCompile1/build/base/applications/wusa/wusa.exe
reactos/system32/ctfmon.exe=/home/alice/Estudos/ReactOS/ReactOSRCCompile1/build/base/ctf/ctfmon/ctfmon.exe
reactos/system32/msctf.dll=/home/alice/Estudos/ReactOS/ReactOSRCCompile1/build/base/ctf/msctf/msctf.dll
reactos/system32/msctfime.ime=/home/alice/Estudos/ReactOS/ReactOSRCCompile1/build/base/ctf/msctfime/msctfime.ime
reactos/system32/msutb.dll=/home/alice/Estudos/ReactOS/ReactOSRCCompile1/build/base/ctf/msutb/msutb.dll
reactos/system32/audiosrv.exe=/home/alice/Estudos/ReactOS/ReactOSRCCompile1/build/base/services/audiosrv/audiosrv.exe
reactos/system32/browser.dll=/home/alice/Estudos/ReactOS/ReactOSRCCompile1/build/base/services/browser/browser.dll
reactos/system32/dcomlaunch.dll=/home/alice/Estudos/ReactOS/ReactOSRCCompile1/build/base/services/dcomlaunch/dcomlaunch.dll
reactos/system32/dhcpcsvc.dll=/home/alice/Estudos/ReactOS/ReactOSRCCompile1/build/base/services/dhcpcsvc/dhcpcsvc.dll
reactos/system32/dnsrslvr.dll=/home/alice/Estudos/ReactOS/ReactOSRCCompile1/build/base/services/dnsrslvr/dnsrslvr.dll
reactos/system32/eventlog.exe=/home/alice/Estudos/ReactOS/ReactOSRCCompile1/build/base/services/eventlog/eventlog.exe
reactos/system32/netlogon.dll=/home/alice/Estudos/ReactOS/ReactOSRCCompile1/build/base/services/netlogon/netlogon.dll
reactos/system32/nfsd.exe=/home/alice/Estudos/ReactOS/ReactOSRCCompile1/build/base/services/nfsd/nfsd.exe
reactos/system32/drivers/etc/netconfig=/home/alice/Estudos/ReactOS/ReactOSRCCompile1/base/services/nfsd/netconfig
reactos/system32/drivers/etc/ms-nfs41-idmap.conf=/home/alice/Estudos/ReactOS/ReactOSRCCompile1/base/services/nfsd/ms-nfs41-idmap.conf
reactos/system32/rpcss.exe=/home/alice/Estudos/ReactOS/ReactOSRCCompile1/build/base/services/rpcss/rpcss.exe
reactos/system32/schedsvc.dll=/home/alice/Estudos/ReactOS/ReactOSRCCompile1/build/base/services/schedsvc/schedsvc.dll
reactos/system32/seclogon.dll=/home/alice/Estudos/ReactOS/ReactOSRCCompile1/build/base/services/seclogon/seclogon.dll
reactos/system32/shsvcs.dll=/home/alice/Estudos/ReactOS/ReactOSRCCompile1/build/base/services/shsvcs/shsvcs.dll
reactos/system32/srvsvc.dll=/home/alice/Estudos/ReactOS/ReactOSRCCompile1/build/base/services/srvsvc/srvsvc.dll
reactos/system32/svchost.exe=/home/alice/Estudos/ReactOS/ReactOSRCCompile1/build/base/services/svchost/svchost.exe
reactos/system32/tcpsvcs.exe=/home/alice/Estudos/ReactOS/ReactOSRCCompile1/build/base/services/tcpsvcs/tcpsvcs.exe
reactos/system32/drivers/etc/quotes=/home/alice/Estudos/ReactOS/ReactOSRCCompile1/base/services/tcpsvcs/quotes
reactos/system32/telnetd.exe=/home/alice/Estudos/ReactOS/ReactOSRCCompile1/build/base/services/telnetd/telnetd.exe
reactos/system32/tftpd.exe=/home/alice/Estudos/ReactOS/ReactOSRCCompile1/build/base/services/tftpd/tftpd.exe
reactos/system32/umpnpmgr.dll=/home/alice/Estudos/ReactOS/ReactOSRCCompile1/build/base/services/umpnpmgr/umpnpmgr.dll
reactos/system32/w32time.dll=/home/alice/Estudos/ReactOS/ReactOSRCCompile1/build/base/services/w32time/w32time.dll
reactos/system32/wkssvc.dll=/home/alice/Estudos/ReactOS/ReactOSRCCompile1/build/base/services/wkssvc/wkssvc.dll
reactos/system32/wlansvc.exe=/home/alice/Estudos/ReactOS/ReactOSRCCompile1/build/base/services/wlansvc/wlansvc.exe
reactos/system32/wbem/wmisvc.dll=/home/alice/Estudos/ReactOS/ReactOSRCCompile1/build/base/services/wmisvc/wmisvc.dll
reactos/system32/wuauserv.dll=/home/alice/Estudos/ReactOS/ReactOSRCCompile1/build/base/services/wuauserv/wuauserv.dll
reactos/system32/setup.exe=/home/alice/Estudos/ReactOS/ReactOSRCCompile1/build/base/setup/setup/setup.exe
reactos/welcome.exe=/home/alice/Estudos/ReactOS/ReactOSRCCompile1/build/base/setup/welcome/welcome.exe
reactos/system32/cmd.exe=/home/alice/Estudos/ReactOS/ReactOSRCCompile1/build/base/shell/cmd/cmd.exe
reactos/explorer.exe=/home/alice/Estudos/ReactOS/ReactOSRCCompile1/build/base/shell/explorer/explorer.exe
reactos/filebrowser.exe=/home/alice/Estudos/ReactOS/ReactOSRCCompile1/build/base/shell/filebrowser/filebrowser.exe
reactos/system32/progman.exe=/home/alice/Estudos/ReactOS/ReactOSRCCompile1/build/base/shell/progman/progman.exe
reactos/system32/autochk.exe=/home/alice/Estudos/ReactOS/ReactOSRCCompile1/build/base/system/autochk/autochk.exe
reactos/system32/bootok.exe=/home/alice/Estudos/ReactOS/ReactOSRCCompile1/build/base/system/bootok/bootok.exe
reactos/system32/chkdsk.exe=/home/alice/Estudos/ReactOS/ReactOSRCCompile1/build/base/system/chkdsk/chkdsk.exe
reactos/system32/conime.exe=/home/alice/Estudos/ReactOS/ReactOSRCCompile1/build/base/system/conime/conime.exe
reactos/system32/diskpart.exe=/home/alice/Estudos/ReactOS/ReactOSRCCompile1/build/base/system/diskpart/diskpart.exe
reactos/system32/dllhost.exe=/home/alice/Estudos/ReactOS/ReactOSRCCompile1/build/base/system/dllhost/dllhost.exe
reactos/system32/expand.exe=/home/alice/Estudos/ReactOS/ReactOSRCCompile1/build/base/system/expand/expand.exe
reactos/system32/format.com=/home/alice/Estudos/ReactOS/ReactOSRCCompile1/build/base/system/format/format.com
reactos/system32/logonui.exe=/home/alice/Estudos/ReactOS/ReactOSRCCompile1/build/base/system/logonui/logonui.exe
reactos/system32/lsass.exe=/home/alice/Estudos/ReactOS/ReactOSRCCompile1/build/base/system/lsass/lsass.exe
reactos/system32/msiexec.exe=/home/alice/Estudos/ReactOS/ReactOSRCCompile1/build/base/system/msiexec/msiexec.exe
reactos/system32/regsvr32.exe=/home/alice/Estudos/ReactOS/ReactOSRCCompile1/build/base/system/regsvr32/regsvr32.exe
reactos/system32/rundll32.exe=/home/alice/Estudos/ReactOS/ReactOSRCCompile1/build/base/system/rundll32/rundll32.exe
reactos/system32/runonce.exe=/home/alice/Estudos/ReactOS/ReactOSRCCompile1/build/base/system/runonce/runonce.exe
reactos/system32/services.exe=/home/alice/Estudos/ReactOS/ReactOSRCCompile1/build/base/system/services/services.exe
reactos/system32/smss.exe=/home/alice/Estudos/ReactOS/ReactOSRCCompile1/build/base/system/smss/smss.exe
reactos/system32/subst.exe=/home/alice/Estudos/ReactOS/ReactOSRCCompile1/build/base/system/subst/subst.exe
reactos/system32/userinit.exe=/home/alice/Estudos/ReactOS/ReactOSRCCompile1/build/base/system/userinit/userinit.exe
reactos/system32/winlogon.exe=/home/alice/Estudos/ReactOS/ReactOSRCCompile1/build/base/system/winlogon/winlogon.exe
reactos/system32/dxtn.dll=/home/alice/Estudos/ReactOS/ReactOSRCCompile1/build/dll/3rdparty/dxtn/dxtn.dll
reactos/system32/libjpeg.dll=/home/alice/Estudos/ReactOS/ReactOSRCCompile1/build/dll/3rdparty/libjpeg/libjpeg.dll
reactos/system32/libpng.dll=/home/alice/Estudos/ReactOS/ReactOSRCCompile1/build/dll/3rdparty/libpng/libpng.dll
reactos/system32/libtiff.dll=/home/alice/Estudos/ReactOS/ReactOSRCCompile1/build/dll/3rdparty/libtiff/libtiff.dll
reactos/system32/libtirpc.dll=/home/alice/Estudos/ReactOS/ReactOSRCCompile1/build/dll/3rdparty/libtirpc/libtirpc.dll
reactos/system32/libxslt.dll=/home/alice/Estudos/ReactOS/ReactOSRCCompile1/build/dll/3rdparty/libxslt/libxslt.dll
reactos/system32/mbedtls.dll=/home/alice/Estudos/ReactOS/ReactOSRCCompile1/build/dll/3rdparty/mbedtls/mbedtls.dll
reactos/system32/apphelp.dll=/home/alice/Estudos/ReactOS/ReactOSRCCompile1/build/dll/appcompat/apphelp/apphelp.dll
reactos/AppPatch/acgenral.dll=/home/alice/Estudos/ReactOS/ReactOSRCCompile1/build/dll/appcompat/shims/genral/acgenral.dll
reactos/AppPatch/aclayers.dll=/home/alice/Estudos/ReactOS/ReactOSRCCompile1/build/dll/appcompat/shims/layer/aclayers.dll
reactos/system32/access.cpl=/home/alice/Estudos/ReactOS/ReactOSRCCompile1/build/dll/cpl/access/access.cpl
reactos/system32/appwiz.cpl=/home/alice/Estudos/ReactOS/ReactOSRCCompile1/build/dll/cpl/appwiz/appwiz.cpl
reactos/system32/bthprops.cpl=/home/alice/Estudos/ReactOS/ReactOSRCCompile1/build/dll/cpl/bthprops/bthprops.cpl
reactos/system32/console.dll=/home/alice/Estudos/ReactOS/ReactOSRCCompile1/build/dll/cpl/console/console.dll
reactos/system32/desk.cpl=/home/alice/Estudos/ReactOS/ReactOSRCCompile1/build/dll/cpl/desk/desk.cpl
reactos/system32/hdwwiz.cpl=/home/alice/Estudos/ReactOS/ReactOSRCCompile1/build/dll/cpl/hdwwiz/hdwwiz.cpl
reactos/system32/hotplug.dll=/home/alice/Estudos/ReactOS/ReactOSRCCompile1/build/dll/cpl/hotplug/hotplug.dll
reactos/system32/inetcpl.cpl=/home/alice/Estudos/ReactOS/ReactOSRCCompile1/build/dll/cpl/inetcpl/inetcpl.cpl
reactos/system32/input.dll=/home/alice/Estudos/ReactOS/ReactOSRCCompile1/build/dll/cpl/input/input.dll
reactos/system32/intl.cpl=/home/alice/Estudos/ReactOS/ReactOSRCCompile1/build/dll/cpl/intl/intl.cpl
reactos/system32/joy.cpl=/home/alice/Estudos/ReactOS/ReactOSRCCompile1/build/dll/cpl/joy/joy.cpl
reactos/system32/main.cpl=/home/alice/Estudos/ReactOS/ReactOSRCCompile1/build/dll/cpl/main/main.cpl
reactos/system32/mmsys.cpl=/home/alice/Estudos/ReactOS/ReactOSRCCompile1/build/dll/cpl/mmsys/mmsys.cpl
reactos/system32/ncpa.cpl=/home/alice/Estudos/ReactOS/ReactOSRCCompile1/build/dll/cpl/ncpa/ncpa.cpl
reactos/system32/odbccp32i.cpl=/home/alice/Estudos/ReactOS/ReactOSRCCompile1/build/dll/cpl/odbccp32/odbccp32i.cpl
reactos/system32/openglcfg.cpl=/home/alice/Estudos/ReactOS/ReactOSRCCompile1/build/dll/cpl/openglcfg/openglcfg.cpl
reactos/system32/powercfg.cpl=/home/alice/Estudos/ReactOS/ReactOSRCCompile1/build/dll/cpl/powercfg/powercfg.cpl
reactos/system32/sysdm.cpl=/home/alice/Estudos/ReactOS/ReactOSRCCompile1/build/dll/cpl/sysdm/sysdm.cpl
reactos/system32/telephon.cpl=/home/alice/Estudos/ReactOS/ReactOSRCCompile1/build/dll/cpl/telephon/telephon.cpl
reactos/system32/timedate.cpl=/home/alice/Estudos/ReactOS/ReactOSRCCompile1/build/dll/cpl/timedate/timedate.cpl
reactos/system32/usrmgr.cpl=/home/alice/Estudos/ReactOS/ReactOSRCCompile1/build/dll/cpl/usrmgr/usrmgr.cpl
reactos/system32/wined3dcfg.cpl=/home/alice/Estudos/ReactOS/ReactOSRCCompile1/build/dll/cpl/wined3dcfg/wined3dcfg.cpl
reactos/system32/d3d8thk.dll=/home/alice/Estudos/ReactOS/ReactOSRCCompile1/build/dll/directx/d3d8thk/d3d8thk.dll
reactos/system32/ksuser.dll=/home/alice/Estudos/ReactOS/ReactOSRCCompile1/build/dll/directx/ksuser/ksuser.dll
reactos/system32/amstream.dll=/home/alice/Estudos/ReactOS/ReactOSRCCompile1/build/dll/directx/wine/amstream/amstream.dll
reactos/system32/d3d8.dll=/home/alice/Estudos/ReactOS/ReactOSRCCompile1/build/dll/directx/wine/d3d8/d3d8.dll
reactos/system32/d3d9.dll=/home/alice/Estudos/ReactOS/ReactOSRCCompile1/build/dll/directx/wine/d3d9/d3d9.dll
reactos/system32/d3dcompiler_43.dll=/home/alice/Estudos/ReactOS/ReactOSRCCompile1/build/dll/directx/wine/d3dcompiler_43/d3dcompiler_43.dll
reactos/system32/d3drm.dll=/home/alice/Estudos/ReactOS/ReactOSRCCompile1/build/dll/directx/wine/d3drm/d3drm.dll
reactos/system32/d3dx9_24.dll=/home/alice/Estudos/ReactOS/ReactOSRCCompile1/build/dll/directx/wine/d3dx9_24/d3dx9_24.dll
reactos/system32/d3dx9_25.dll=/home/alice/Estudos/ReactOS/ReactOSRCCompile1/build/dll/directx/wine/d3dx9_25/d3dx9_25.dll
reactos/system32/d3dx9_26.dll=/home/alice/Estudos/ReactOS/ReactOSRCCompile1/build/dll/directx/wine/d3dx9_26/d3dx9_26.dll
reactos/system32/d3dx9_27.dll=/home/alice/Estudos/ReactOS/ReactOSRCCompile1/build/dll/directx/wine/d3dx9_27/d3dx9_27.dll
reactos/system32/d3dx9_28.dll=/home/alice/Estudos/ReactOS/ReactOSRCCompile1/build/dll/directx/wine/d3dx9_28/d3dx9_28.dll
reactos/system32/d3dx9_29.dll=/home/alice/Estudos/ReactOS/ReactOSRCCompile1/build/dll/directx/wine/d3dx9_29/d3dx9_29.dll
reactos/system32/d3dx9_30.dll=/home/alice/Estudos/ReactOS/ReactOSRCCompile1/build/dll/directx/wine/d3dx9_30/d3dx9_30.dll
reactos/system32/d3dx9_31.dll=/home/alice/Estudos/ReactOS/ReactOSRCCompile1/build/dll/directx/wine/d3dx9_31/d3dx9_31.dll
reactos/system32/d3dx9_32.dll=/home/alice/Estudos/ReactOS/ReactOSRCCompile1/build/dll/directx/wine/d3dx9_32/d3dx9_32.dll
reactos/system32/d3dx9_33.dll=/home/alice/Estudos/ReactOS/ReactOSRCCompile1/build/dll/directx/wine/d3dx9_33/d3dx9_33.dll
reactos/system32/d3dx9_34.dll=/home/alice/Estudos/ReactOS/ReactOSRCCompile1/build/dll/directx/wine/d3dx9_34/d3dx9_34.dll
reactos/system32/d3dx9_35.dll=/home/alice/Estudos/ReactOS/ReactOSRCCompile1/build/dll/directx/wine/d3dx9_35/d3dx9_35.dll
reactos/system32/d3dx9_36.dll=/home/alice/Estudos/ReactOS/ReactOSRCCompile1/build/dll/directx/wine/d3dx9_36/d3dx9_36.dll
reactos/system32/d3dx9_37.dll=/home/alice/Estudos/ReactOS/ReactOSRCCompile1/build/dll/directx/wine/d3dx9_37/d3dx9_37.dll
reactos/system32/d3dx9_38.dll=/home/alice/Estudos/ReactOS/ReactOSRCCompile1/build/dll/directx/wine/d3dx9_38/d3dx9_38.dll
reactos/system32/d3dx9_39.dll=/home/alice/Estudos/ReactOS/ReactOSRCCompile1/build/dll/directx/wine/d3dx9_39/d3dx9_39.dll
reactos/system32/d3dx9_40.dll=/home/alice/Estudos/ReactOS/ReactOSRCCompile1/build/dll/directx/wine/d3dx9_40/d3dx9_40.dll
reactos/system32/d3dx9_41.dll=/home/alice/Estudos/ReactOS/ReactOSRCCompile1/build/dll/directx/wine/d3dx9_41/d3dx9_41.dll
reactos/system32/d3dx9_42.dll=/home/alice/Estudos/ReactOS/ReactOSRCCompile1/build/dll/directx/wine/d3dx9_42/d3dx9_42.dll
reactos/system32/d3dx9_43.dll=/home/alice/Estudos/ReactOS/ReactOSRCCompile1/build/dll/directx/wine/d3dx9_43/d3dx9_43.dll
reactos/system32/d3dxof.dll=/home/alice/Estudos/ReactOS/ReactOSRCCompile1/build/dll/directx/wine/d3dxof/d3dxof.dll
reactos/system32/ddraw.dll=/home/alice/Estudos/ReactOS/ReactOSRCCompile1/build/dll/directx/wine/ddraw/ddraw.dll
reactos/system32/devenum.dll=/home/alice/Estudos/ReactOS/ReactOSRCCompile1/build/dll/directx/wine/devenum/devenum.dll
reactos/system32/dinput.dll=/home/alice/Estudos/ReactOS/ReactOSRCCompile1/build/dll/directx/wine/dinput/dinput.dll
reactos/system32/dinput8.dll=/home/alice/Estudos/ReactOS/ReactOSRCCompile1/build/dll/directx/wine/dinput8/dinput8.dll
reactos/system32/dmusic.dll=/home/alice/Estudos/ReactOS/ReactOSRCCompile1/build/dll/directx/wine/dmusic/dmusic.dll
reactos/system32/dplay.dll=/home/alice/Estudos/ReactOS/ReactOSRCCompile1/build/dll/directx/wine/dplay/dplay.dll
reactos/system32/dplayx.dll=/home/alice/Estudos/ReactOS/ReactOSRCCompile1/build/dll/directx/wine/dplayx/dplayx.dll
reactos/system32/dpnhpast.dll=/home/alice/Estudos/ReactOS/ReactOSRCCompile1/build/dll/directx/wine/dpnhpast/dpnhpast.dll
reactos/system32/dsound.dll=/home/alice/Estudos/ReactOS/ReactOSRCCompile1/build/dll/directx/wine/dsound/dsound.dll
reactos/system32/dxdiagn.dll=/home/alice/Estudos/ReactOS/ReactOSRCCompile1/build/dll/directx/wine/dxdiagn/dxdiagn.dll
reactos/system32/msdmo.dll=/home/alice/Estudos/ReactOS/ReactOSRCCompile1/build/dll/directx/wine/msdmo/msdmo.dll
reactos/system32/qcap.dll=/home/alice/Estudos/ReactOS/ReactOSRCCompile1/build/dll/directx/wine/qcap/qcap.dll
reactos/system32/qedit.dll=/home/alice/Estudos/ReactOS/ReactOSRCCompile1/build/dll/directx/wine/qedit/qedit.dll
reactos/system32/quartz.dll=/home/alice/Estudos/ReactOS/ReactOSRCCompile1/build/dll/directx/wine/quartz/quartz.dll
reactos/system32/d3dwine.dll=/home/alice/Estudos/ReactOS/ReactOSRCCompile1/build/dll/directx/wine/wined3d/d3dwine.dll
reactos/system32/kbda1.dll=/home/alice/Estudos/ReactOS/ReactOSRCCompile1/build/dll/keyboard/kbda1.dll
reactos/system32/kbda2.dll=/home/alice/Estudos/ReactOS/ReactOSRCCompile1/build/dll/keyboard/kbda2.dll
reactos/system32/kbda3.dll=/home/alice/Estudos/ReactOS/ReactOSRCCompile1/build/dll/keyboard/kbda3.dll
reactos/system32/kbdal.dll=/home/alice/Estudos/ReactOS/ReactOSRCCompile1/build/dll/keyboard/kbdal.dll
reactos/system32/kbdarme.dll=/home/alice/Estudos/ReactOS/ReactOSRCCompile1/build/dll/keyboard/kbdarme.dll
reactos/system32/kbdarmw.dll=/home/alice/Estudos/ReactOS/ReactOSRCCompile1/build/dll/keyboard/kbdarmw.dll
reactos/system32/kbdaze.dll=/home/alice/Estudos/ReactOS/ReactOSRCCompile1/build/dll/keyboard/kbdaze.dll
reactos/system32/kbdazel.dll=/home/alice/Estudos/ReactOS/ReactOSRCCompile1/build/dll/keyboard/kbdazel.dll
reactos/system32/kbdbe.dll=/home/alice/Estudos/ReactOS/ReactOSRCCompile1/build/dll/keyboard/kbdbe.dll
reactos/system32/kbdbga.dll=/home/alice/Estudos/ReactOS/ReactOSRCCompile1/build/dll/keyboard/kbdbga.dll
reactos/system32/kbdbgt.dll=/home/alice/Estudos/ReactOS/ReactOSRCCompile1/build/dll/keyboard/kbdbgt.dll
reactos/system32/kbdblr.dll=/home/alice/Estudos/ReactOS/ReactOSRCCompile1/build/dll/keyboard/kbdblr.dll
reactos/system32/kbdbr.dll=/home/alice/Estudos/ReactOS/ReactOSRCCompile1/build/dll/keyboard/kbdbr.dll
reactos/system32/kbdbu.dll=/home/alice/Estudos/ReactOS/ReactOSRCCompile1/build/dll/keyboard/kbdbu.dll
reactos/system32/kbdbur.dll=/home/alice/Estudos/ReactOS/ReactOSRCCompile1/build/dll/keyboard/kbdbur.dll
reactos/system32/kbdcan.dll=/home/alice/Estudos/ReactOS/ReactOSRCCompile1/build/dll/keyboard/kbdcan.dll
reactos/system32/kbdcmk.dll=/home/alice/Estudos/ReactOS/ReactOSRCCompile1/build/dll/keyboard/kbdcmk.dll
reactos/system32/kbdcr.dll=/home/alice/Estudos/ReactOS/ReactOSRCCompile1/build/dll/keyboard/kbdcr.dll
reactos/system32/kbdcz.dll=/home/alice/Estudos/ReactOS/ReactOSRCCompile1/build/dll/keyboard/kbdcz.dll
reactos/system32/kbdcz1.dll=/home/alice/Estudos/ReactOS/ReactOSRCCompile1/build/dll/keyboard/kbdcz1.dll
reactos/system32/kbdda.dll=/home/alice/Estudos/ReactOS/ReactOSRCCompile1/build/dll/keyboard/kbdda.dll
reactos/system32/kbddv.dll=/home/alice/Estudos/ReactOS/ReactOSRCCompile1/build/dll/keyboard/kbddv.dll
reactos/system32/kbdeo.dll=/home/alice/Estudos/ReactOS/ReactOSRCCompile1/build/dll/keyboard/kbdeo.dll
reactos/system32/kbdest.dll=/home/alice/Estudos/ReactOS/ReactOSRCCompile1/build/dll/keyboard/kbdest.dll
reactos/system32/kbdfc.dll=/home/alice/Estudos/ReactOS/ReactOSRCCompile1/build/dll/keyboard/kbdfc.dll
reactos/system32/kbdfi.dll=/home/alice/Estudos/ReactOS/ReactOSRCCompile1/build/dll/keyboard/kbdfi.dll
reactos/system32/kbdfr.dll=/home/alice/Estudos/ReactOS/ReactOSRCCompile1/build/dll/keyboard/kbdfr.dll
reactos/system32/kbdgeo.dll=/home/alice/Estudos/ReactOS/ReactOSRCCompile1/build/dll/keyboard/kbdgeo.dll
reactos/system32/kbdgerg.dll=/home/alice/Estudos/ReactOS/ReactOSRCCompile1/build/dll/keyboard/kbdgerg.dll
reactos/system32/kbdgneo.dll=/home/alice/Estudos/ReactOS/ReactOSRCCompile1/build/dll/keyboard/kbdgneo.dll
reactos/system32/kbdgr.dll=/home/alice/Estudos/ReactOS/ReactOSRCCompile1/build/dll/keyboard/kbdgr.dll
reactos/system32/kbdgr1.dll=/home/alice/Estudos/ReactOS/ReactOSRCCompile1/build/dll/keyboard/kbdgr1.dll
reactos/system32/kbdgre1.dll=/home/alice/Estudos/ReactOS/ReactOSRCCompile1/build/dll/keyboard/kbdgre1.dll
reactos/system32/kbdgrist.dll=/home/alice/Estudos/ReactOS/ReactOSRCCompile1/build/dll/keyboard/kbdgrist.dll
reactos/system32/kbdhe.dll=/home/alice/Estudos/ReactOS/ReactOSRCCompile1/build/dll/keyboard/kbdhe.dll
reactos/system32/kbdheb.dll=/home/alice/Estudos/ReactOS/ReactOSRCCompile1/build/dll/keyboard/kbdheb.dll
reactos/system32/kbdhu.dll=/home/alice/Estudos/ReactOS/ReactOSRCCompile1/build/dll/keyboard/kbdhu.dll
reactos/system32/kbdic.dll=/home/alice/Estudos/ReactOS/ReactOSRCCompile1/build/dll/keyboard/kbdic.dll
reactos/system32/kbdinasa.dll=/home/alice/Estudos/ReactOS/ReactOSRCCompile1/build/dll/keyboard/kbdinasa.dll
reactos/system32/kbdinben.dll=/home/alice/Estudos/ReactOS/ReactOSRCCompile1/build/dll/keyboard/kbdinben.dll
reactos/system32/kbdindev.dll=/home/alice/Estudos/ReactOS/ReactOSRCCompile1/build/dll/keyboard/kbdindev.dll
reactos/system32/kbdinguj.dll=/home/alice/Estudos/ReactOS/ReactOSRCCompile1/build/dll/keyboard/kbdinguj.dll
reactos/system32/kbdinmal.dll=/home/alice/Estudos/ReactOS/ReactOSRCCompile1/build/dll/keyboard/kbdinmal.dll
reactos/system32/kbdir.dll=/home/alice/Estudos/ReactOS/ReactOSRCCompile1/build/dll/keyboard/kbdir.dll
reactos/system32/kbdit.dll=/home/alice/Estudos/ReactOS/ReactOSRCCompile1/build/dll/keyboard/kbdit.dll
reactos/system32/kbdjpn.dll=/home/alice/Estudos/ReactOS/ReactOSRCCompile1/build/dll/keyboard/kbdjpn.dll
reactos/system32/kbdkaz.dll=/home/alice/Estudos/ReactOS/ReactOSRCCompile1/build/dll/keyboard/kbdkaz.dll
reactos/system32/kbdkor.dll=/home/alice/Estudos/ReactOS/ReactOSRCCompile1/build/dll/keyboard/kbdkor.dll
reactos/system32/kbdla.dll=/home/alice/Estudos/ReactOS/ReactOSRCCompile1/build/dll/keyboard/kbdla.dll
reactos/system32/kbdlt1.dll=/home/alice/Estudos/ReactOS/ReactOSRCCompile1/build/dll/keyboard/kbdlt1.dll
reactos/system32/kbdlv.dll=/home/alice/Estudos/ReactOS/ReactOSRCCompile1/build/dll/keyboard/kbdlv.dll
reactos/system32/kbdmac.dll=/home/alice/Estudos/ReactOS/ReactOSRCCompile1/build/dll/keyboard/kbdmac.dll
reactos/system32/kbdne.dll=/home/alice/Estudos/ReactOS/ReactOSRCCompile1/build/dll/keyboard/kbdne.dll
reactos/system32/kbdno.dll=/home/alice/Estudos/ReactOS/ReactOSRCCompile1/build/dll/keyboard/kbdno.dll
reactos/system32/kbdpl.dll=/home/alice/Estudos/ReactOS/ReactOSRCCompile1/build/dll/keyboard/kbdpl.dll
reactos/system32/kbdpl1.dll=/home/alice/Estudos/ReactOS/ReactOSRCCompile1/build/dll/keyboard/kbdpl1.dll
reactos/system32/kbdpo.dll=/home/alice/Estudos/ReactOS/ReactOSRCCompile1/build/dll/keyboard/kbdpo.dll
reactos/system32/kbdro.dll=/home/alice/Estudos/ReactOS/ReactOSRCCompile1/build/dll/keyboard/kbdro.dll
reactos/system32/kbdrost.dll=/home/alice/Estudos/ReactOS/ReactOSRCCompile1/build/dll/keyboard/kbdrost.dll
reactos/system32/kbdru.dll=/home/alice/Estudos/ReactOS/ReactOSRCCompile1/build/dll/keyboard/kbdru.dll
reactos/system32/kbdru1.dll=/home/alice/Estudos/ReactOS/ReactOSRCCompile1/build/dll/keyboard/kbdru1.dll
reactos/system32/kbdsf.dll=/home/alice/Estudos/ReactOS/ReactOSRCCompile1/build/dll/keyboard/kbdsf.dll
reactos/system32/kbdsg.dll=/home/alice/Estudos/ReactOS/ReactOSRCCompile1/build/dll/keyboard/kbdsg.dll
reactos/system32/kbdsl.dll=/home/alice/Estudos/ReactOS/ReactOSRCCompile1/build/dll/keyboard/kbdsl.dll
reactos/system32/kbdsl1.dll=/home/alice/Estudos/ReactOS/ReactOSRCCompile1/build/dll/keyboard/kbdsl1.dll
reactos/system32/kbdsp.dll=/home/alice/Estudos/ReactOS/ReactOSRCCompile1/build/dll/keyboard/kbdsp.dll
reactos/system32/kbdsw.dll=/home/alice/Estudos/ReactOS/ReactOSRCCompile1/build/dll/keyboard/kbdsw.dll
reactos/system32/kbdtat.dll=/home/alice/Estudos/ReactOS/ReactOSRCCompile1/build/dll/keyboard/kbdtat.dll
reactos/system32/kbdth0.dll=/home/alice/Estudos/ReactOS/ReactOSRCCompile1/build/dll/keyboard/kbdth0.dll
reactos/system32/kbdth1.dll=/home/alice/Estudos/ReactOS/ReactOSRCCompile1/build/dll/keyboard/kbdth1.dll
reactos/system32/kbdth2.dll=/home/alice/Estudos/ReactOS/ReactOSRCCompile1/build/dll/keyboard/kbdth2.dll
reactos/system32/kbdth3.dll=/home/alice/Estudos/ReactOS/ReactOSRCCompile1/build/dll/keyboard/kbdth3.dll
reactos/system32/kbdtuf.dll=/home/alice/Estudos/ReactOS/ReactOSRCCompile1/build/dll/keyboard/kbdtuf.dll
reactos/system32/kbdtuq.dll=/home/alice/Estudos/ReactOS/ReactOSRCCompile1/build/dll/keyboard/kbdtuq.dll
reactos/system32/kbduk.dll=/home/alice/Estudos/ReactOS/ReactOSRCCompile1/build/dll/keyboard/kbduk.dll
reactos/system32/kbdur.dll=/home/alice/Estudos/ReactOS/ReactOSRCCompile1/build/dll/keyboard/kbdur.dll
reactos/system32/kbdurs.dll=/home/alice/Estudos/ReactOS/ReactOSRCCompile1/build/dll/keyboard/kbdurs.dll
reactos/system32/kbdus.dll=/home/alice/Estudos/ReactOS/ReactOSRCCompile1/build/dll/keyboard/kbdus.dll
reactos/system32/kbdusa.dll=/home/alice/Estudos/ReactOS/ReactOSRCCompile1/build/dll/keyboard/kbdusa.dll
reactos/system32/kbdusl.dll=/home/alice/Estudos/ReactOS/ReactOSRCCompile1/build/dll/keyboard/kbdusl.dll
reactos/system32/kbdusr.dll=/home/alice/Estudos/ReactOS/ReactOSRCCompile1/build/dll/keyboard/kbdusr.dll
reactos/system32/kbdusx.dll=/home/alice/Estudos/ReactOS/ReactOSRCCompile1/build/dll/keyboard/kbdusx.dll
reactos/system32/kbduzb.dll=/home/alice/Estudos/ReactOS/ReactOSRCCompile1/build/dll/keyboard/kbduzb.dll
reactos/system32/kbdvntc.dll=/home/alice/Estudos/ReactOS/ReactOSRCCompile1/build/dll/keyboard/kbdvntc.dll
reactos/system32/kbdycc.dll=/home/alice/Estudos/ReactOS/ReactOSRCCompile1/build/dll/keyboard/kbdycc.dll
reactos/system32/kbdycl.dll=/home/alice/Estudos/ReactOS/ReactOSRCCompile1/build/dll/keyboard/kbdycl.dll
reactos/system32/normaliz.dll=/home/alice/Estudos/ReactOS/ReactOSRCCompile1/build/dll/nls/normaliz/normaliz.dll
reactos/system32/nfs41_np.dll=/home/alice/Estudos/ReactOS/ReactOSRCCompile1/build/dll/np/nfs/nfs41_np.dll
reactos/system32/ntdll_vista.dll=/home/alice/Estudos/ReactOS/ReactOSRCCompile1/build/dll/ntdll/nt_0600/ntdll_vista.dll
reactos/system32/ntdll.dll=/home/alice/Estudos/ReactOS/ReactOSRCCompile1/build/dll/ntdll/ntdll.dll
reactos/system32/glu32.dll=/home/alice/Estudos/ReactOS/ReactOSRCCompile1/build/dll/opengl/glu32/glu32.dll
reactos/system32/opengl32.dll=/home/alice/Estudos/ReactOS/ReactOSRCCompile1/build/dll/opengl/opengl32/opengl32.dll
reactos/system32/acppage.dll=/home/alice/Estudos/ReactOS/ReactOSRCCompile1/build/dll/shellext/acppage/acppage.dll
reactos/system32/cabview.dll=/home/alice/Estudos/ReactOS/ReactOSRCCompile1/build/dll/shellext/cabview/cabview.dll
reactos/system32/cryptext.dll=/home/alice/Estudos/ReactOS/ReactOSRCCompile1/build/dll/shellext/cryptext/cryptext.dll
reactos/system32/deskadp.dll=/home/alice/Estudos/ReactOS/ReactOSRCCompile1/build/dll/shellext/deskadp/deskadp.dll
reactos/system32/deskmon.dll=/home/alice/Estudos/ReactOS/ReactOSRCCompile1/build/dll/shellext/deskmon/deskmon.dll
reactos/system32/devcpux.dll=/home/alice/Estudos/ReactOS/ReactOSRCCompile1/build/dll/shellext/devcpux/devcpux.dll
reactos/system32/fontext.dll=/home/alice/Estudos/ReactOS/ReactOSRCCompile1/build/dll/shellext/fontext/fontext.dll
reactos/system32/mydocs.dll=/home/alice/Estudos/ReactOS/ReactOSRCCompile1/build/dll/shellext/mydocs/mydocs.dll
reactos/system32/netplwiz.dll=/home/alice/Estudos/ReactOS/ReactOSRCCompile1/build/dll/shellext/netplwiz/netplwiz.dll
reactos/system32/netshell.dll=/home/alice/Estudos/ReactOS/ReactOSRCCompile1/build/dll/shellext/netshell/netshell.dll
reactos/system32/ntobjshex.dll=/home/alice/Estudos/ReactOS/ReactOSRCCompile1/build/dll/shellext/ntobjshex/ntobjshex.dll
reactos/system32/sendmail.dll=/home/alice/Estudos/ReactOS/ReactOSRCCompile1/build/dll/shellext/sendmail/sendmail.dll
reactos/system32/shellbtrfs.dll=/home/alice/Estudos/ReactOS/ReactOSRCCompile1/build/dll/shellext/shellbtrfs/shellbtrfs.dll
reactos/system32/stobject.dll=/home/alice/Estudos/ReactOS/ReactOSRCCompile1/build/dll/shellext/stobject/stobject.dll
reactos/system32/zipfldr.dll=/home/alice/Estudos/ReactOS/ReactOSRCCompile1/build/dll/shellext/zipfldr/zipfldr.dll
reactos/system32/acledit.dll=/home/alice/Estudos/ReactOS/ReactOSRCCompile1/build/dll/win32/acledit/acledit.dll
reactos/system32/aclui.dll=/home/alice/Estudos/ReactOS/ReactOSRCCompile1/build/dll/win32/aclui/aclui.dll
reactos/system32/activeds.dll=/home/alice/Estudos/ReactOS/ReactOSRCCompile1/build/dll/win32/activeds/activeds.dll
reactos/system32/actxprxy.dll=/home/alice/Estudos/ReactOS/ReactOSRCCompile1/build/dll/win32/actxprxy/actxprxy.dll
reactos/system32/advapi32.dll=/home/alice/Estudos/ReactOS/ReactOSRCCompile1/build/dll/win32/advapi32/advapi32.dll
reactos/system32/advapi32_vista.dll=/home/alice/Estudos/ReactOS/ReactOSRCCompile1/build/dll/win32/advapi32_vista/advapi32_vista.dll
reactos/system32/advpack.dll=/home/alice/Estudos/ReactOS/ReactOSRCCompile1/build/dll/win32/advpack/advpack.dll
reactos/system32/atl.dll=/home/alice/Estudos/ReactOS/ReactOSRCCompile1/build/dll/win32/atl/atl.dll
reactos/system32/atl100.dll=/home/alice/Estudos/ReactOS/ReactOSRCCompile1/build/dll/win32/atl100/atl100.dll
reactos/system32/atl80.dll=/home/alice/Estudos/ReactOS/ReactOSRCCompile1/build/dll/win32/atl80/atl80.dll
reactos/system32/authz.dll=/home/alice/Estudos/ReactOS/ReactOSRCCompile1/build/dll/win32/authz/authz.dll
reactos/system32/avicap32.dll=/home/alice/Estudos/ReactOS/ReactOSRCCompile1/build/dll/win32/avicap32/avicap32.dll
reactos/system32/avifil32.dll=/home/alice/Estudos/ReactOS/ReactOSRCCompile1/build/dll/win32/avifil32/avifil32.dll
reactos/system32/batt.dll=/home/alice/Estudos/ReactOS/ReactOSRCCompile1/build/dll/win32/batt/batt.dll
reactos/system32/bcrypt.dll=/home/alice/Estudos/ReactOS/ReactOSRCCompile1/build/dll/win32/bcrypt/bcrypt.dll
reactos/system32/beepmidi.dll=/home/alice/Estudos/ReactOS/ReactOSRCCompile1/build/dll/win32/beepmidi/beepmidi.dll
reactos/system32/bluetoothapis.dll=/home/alice/Estudos/ReactOS/ReactOSRCCompile1/build/dll/win32/bluetoothapis/bluetoothapis.dll
reactos/system32/browseui.dll=/home/alice/Estudos/ReactOS/ReactOSRCCompile1/build/dll/win32/browseui/browseui.dll
reactos/system32/bthci.dll=/home/alice/Estudos/ReactOS/ReactOSRCCompile1/build/dll/win32/bthci/bthci.dll
reactos/system32/cabinet.dll=/home/alice/Estudos/ReactOS/ReactOSRCCompile1/build/dll/win32/cabinet/cabinet.dll
reactos/system32/cards.dll=/home/alice/Estudos/ReactOS/ReactOSRCCompile1/build/dll/win32/cards/cards.dll
reactos/system32/cfgmgr32.dll=/home/alice/Estudos/ReactOS/ReactOSRCCompile1/build/dll/win32/cfgmgr32/cfgmgr32.dll
reactos/system32/clusapi.dll=/home/alice/Estudos/ReactOS/ReactOSRCCompile1/build/dll/win32/clusapi/clusapi.dll
reactos/system32/combase.dll=/home/alice/Estudos/ReactOS/ReactOSRCCompile1/build/dll/win32/combase/combase.dll
reactos/system32/comcat.dll=/home/alice/Estudos/ReactOS/ReactOSRCCompile1/build/dll/win32/comcat/comcat.dll
reactos/system32/comctl32.dll=/home/alice/Estudos/ReactOS/ReactOSRCCompile1/build/dll/win32/comctl32/comctl32.dll
reactos/winsxs/x86_microsoft.windows.common-controls_6595b64144ccf1df_5.82.2600.2982_none_deadbeef/comctl32.dll=/home/alice/Estudos/ReactOS/ReactOSRCCompile1/build/dll/win32/comctl32/comctl32.dll
reactos/winsxs/x86_microsoft.windows.common-controls_6595b64144ccf1df_6.0.2600.2982_none_deadbeef/comctl32.dll=/home/alice/Estudos/ReactOS/ReactOSRCCompile1/build/dll/win32/comctl32/comctl32.dll
reactos/winsxs/manifests/x86_microsoft.windows.common-controls_6595b64144ccf1df_5.82.2600.2982_none_deadbeef.manifest=/home/alice/Estudos/ReactOS/ReactOSRCCompile1/dll/win32/comctl32/x86_microsoft.windows.common-controls_6595b64144ccf1df_5.82.2600.2982_none_deadbeef.manifest
reactos/winsxs/manifests/x86_microsoft.windows.common-controls_6595b64144ccf1df_6.0.2600.2982_none_deadbeef.manifest=/home/alice/Estudos/ReactOS/ReactOSRCCompile1/dll/win32/comctl32/x86_microsoft.windows.common-controls_6595b64144ccf1df_6.0.2600.2982_none_deadbeef.manifest
reactos/system32/comdlg32.dll=/home/alice/Estudos/ReactOS/ReactOSRCCompile1/build/dll/win32/comdlg32/comdlg32.dll
reactos/system32/coml2.dll=/home/alice/Estudos/ReactOS/ReactOSRCCompile1/build/dll/win32/coml2/coml2.dll
reactos/system32/compstui.dll=/home/alice/Estudos/ReactOS/ReactOSRCCompile1/build/dll/win32/compstui/compstui.dll
reactos/system32/credui.dll=/home/alice/Estudos/ReactOS/ReactOSRCCompile1/build/dll/win32/credui/credui.dll
reactos/system32/crtdll.dll=/home/alice/Estudos/ReactOS/ReactOSRCCompile1/build/dll/win32/crtdll/crtdll.dll
reactos/system32/crypt32.dll=/home/alice/Estudos/ReactOS/ReactOSRCCompile1/build/dll/win32/crypt32/crypt32.dll
reactos/system32/cryptdlg.dll=/home/alice/Estudos/ReactOS/ReactOSRCCompile1/build/dll/win32/cryptdlg/cryptdlg.dll
reactos/system32/cryptdll.dll=/home/alice/Estudos/ReactOS/ReactOSRCCompile1/build/dll/win32/cryptdll/cryptdll.dll
reactos/system32/cryptnet.dll=/home/alice/Estudos/ReactOS/ReactOSRCCompile1/build/dll/win32/cryptnet/cryptnet.dll
reactos/system32/cryptui.dll=/home/alice/Estudos/ReactOS/ReactOSRCCompile1/build/dll/win32/cryptui/cryptui.dll
reactos/system32/dbgeng.dll=/home/alice/Estudos/ReactOS/ReactOSRCCompile1/build/dll/win32/dbgeng/dbgeng.dll
reactos/system32/dbghelp.dll=/home/alice/Estudos/ReactOS/ReactOSRCCompile1/build/dll/win32/dbghelp/dbghelp.dll
reactos/system32/dciman32.dll=/home/alice/Estudos/ReactOS/ReactOSRCCompile1/build/dll/win32/dciman32/dciman32.dll
reactos/system32/devmgr.dll=/home/alice/Estudos/ReactOS/ReactOSRCCompile1/build/dll/win32/devmgr/devmgr.dll
reactos/system32/dnsapi.dll=/home/alice/Estudos/ReactOS/ReactOSRCCompile1/build/dll/win32/dnsapi/dnsapi.dll
reactos/system32/esent.dll=/home/alice/Estudos/ReactOS/ReactOSRCCompile1/build/dll/win32/esent/esent.dll
reactos/system32/faultrep.dll=/home/alice/Estudos/ReactOS/ReactOSRCCompile1/build/dll/win32/faultrep/faultrep.dll
reactos/system32/feclient.dll=/home/alice/Estudos/ReactOS/ReactOSRCCompile1/build/dll/win32/feclient/feclient.dll
reactos/system32/fltlib.dll=/home/alice/Estudos/ReactOS/ReactOSRCCompile1/build/dll/win32/fltlib/fltlib.dll
reactos/system32/fmifs.dll=/home/alice/Estudos/ReactOS/ReactOSRCCompile1/build/dll/win32/fmifs/fmifs.dll
reactos/system32/fontsub.dll=/home/alice/Estudos/ReactOS/ReactOSRCCompile1/build/dll/win32/fontsub/fontsub.dll
reactos/system32/wbem/framedyn.dll=/home/alice/Estudos/ReactOS/ReactOSRCCompile1/build/dll/win32/framedyn/framedyn.dll
reactos/Microsoft.NET/Framework/v1.0.3705/fusion.dll=/home/alice/Estudos/ReactOS/ReactOSRCCompile1/build/dll/win32/fusion/fusion.dll
reactos/system32/fusion.dll=/home/alice/Estudos/ReactOS/ReactOSRCCompile1/build/dll/win32/fusion/fusion.dll
reactos/Microsoft.NET/Framework/v1.1.4322/fusion.dll=/home/alice/Estudos/ReactOS/ReactOSRCCompile1/build/dll/win32/fusion/fusion_1_1/fusion.dll
reactos/Microsoft.NET/Framework/v2.0.50727/fusion.dll=/home/alice/Estudos/ReactOS/ReactOSRCCompile1/build/dll/win32/fusion/fusion_2_0/fusion.dll
reactos/system32/gdiplus.dll=/home/alice/Estudos/ReactOS/ReactOSRCCompile1/build/dll/win32/gdiplus/gdiplus.dll
reactos/winsxs/x86_microsoft.windows.gdiplus_6595b64144ccf1df_1.1.7601.23038_none_deadbeef/gdiplus.dll=/home/alice/Estudos/ReactOS/ReactOSRCCompile1/build/dll/win32/gdiplus/gdiplus.dll
reactos/winsxs/manifests/x86_microsoft.windows.gdiplus_6595b64144ccf1df_1.1.7601.23038_none_deadbeef.manifest=/home/alice/Estudos/ReactOS/ReactOSRCCompile1/dll/win32/gdiplus/x86_microsoft.windows.gdiplus_6595b64144ccf1df_1.1.7601.23038_none_deadbeef.manifest
reactos/winsxs/x86_microsoft.windows.gdiplus_6595b64144ccf1df_1.0.14393.0_none_deadbeef/gdiplus.dll=/home/alice/Estudos/ReactOS/ReactOSRCCompile1/build/dll/win32/gdiplus/gdiplus.dll
reactos/winsxs/manifests/x86_microsoft.windows.gdiplus_6595b64144ccf1df_1.0.14393.0_none_deadbeef.manifest=/home/alice/Estudos/ReactOS/ReactOSRCCompile1/dll/win32/gdiplus/x86_microsoft.windows.gdiplus_6595b64144ccf1df_1.0.14393.0_none_deadbeef.manifest
reactos/system32/getuname.dll=/home/alice/Estudos/ReactOS/ReactOSRCCompile1/build/dll/win32/getuname/getuname.dll
reactos/system32/hhctrl.ocx=/home/alice/Estudos/ReactOS/ReactOSRCCompile1/build/dll/win32/hhctrl.ocx/hhctrl.ocx
reactos/system32/hid.dll=/home/alice/Estudos/ReactOS/ReactOSRCCompile1/build/dll/win32/hid/hid.dll
reactos/system32/hlink.dll=/home/alice/Estudos/ReactOS/ReactOSRCCompile1/build/dll/win32/hlink/hlink.dll
reactos/system32/hnetcfg.dll=/home/alice/Estudos/ReactOS/ReactOSRCCompile1/build/dll/win32/hnetcfg/hnetcfg.dll
reactos/system32/httpapi.dll=/home/alice/Estudos/ReactOS/ReactOSRCCompile1/build/dll/win32/httpapi/httpapi.dll
reactos/system32/iccvid.dll=/home/alice/Estudos/ReactOS/ReactOSRCCompile1/build/dll/win32/iccvid/iccvid.dll
reactos/system32/icmp.dll=/home/alice/Estudos/ReactOS/ReactOSRCCompile1/build/dll/win32/icmp/icmp.dll
reactos/system32/ieframe.dll=/home/alice/Estudos/ReactOS/ReactOSRCCompile1/build/dll/win32/ieframe/ieframe.dll
reactos/system32/iernonce.dll=/home/alice/Estudos/ReactOS/ReactOSRCCompile1/build/dll/win32/iernonce/iernonce.dll
reactos/system32/ifmon.dll=/home/alice/Estudos/ReactOS/ReactOSRCCompile1/build/dll/win32/ifmon/ifmon.dll
reactos/system32/imaadp32.acm=/home/alice/Estudos/ReactOS/ReactOSRCCompile1/build/dll/win32/imaadp32.acm/imaadp32.acm
reactos/system32/imagehlp.dll=/home/alice/Estudos/ReactOS/ReactOSRCCompile1/build/dll/win32/imagehlp/imagehlp.dll
reactos/system32/inetcomm.dll=/home/alice/Estudos/ReactOS/ReactOSRCCompile1/build/dll/win32/inetcomm/inetcomm.dll
reactos/system32/inetmib1.dll=/home/alice/Estudos/ReactOS/ReactOSRCCompile1/build/dll/win32/inetmib1/inetmib1.dll
reactos/system32/initpki.dll=/home/alice/Estudos/ReactOS/ReactOSRCCompile1/build/dll/win32/initpki/initpki.dll
reactos/system32/inseng.dll=/home/alice/Estudos/ReactOS/ReactOSRCCompile1/build/dll/win32/inseng/inseng.dll
reactos/system32/iologmsg.dll=/home/alice/Estudos/ReactOS/ReactOSRCCompile1/build/dll/win32/iologmsg/iologmsg.dll
reactos/system32/iphlpapi.dll=/home/alice/Estudos/ReactOS/ReactOSRCCompile1/build/dll/win32/iphlpapi/iphlpapi.dll
reactos/system32/itircl.dll=/home/alice/Estudos/ReactOS/ReactOSRCCompile1/build/dll/win32/itircl/itircl.dll
reactos/system32/itss.dll=/home/alice/Estudos/ReactOS/ReactOSRCCompile1/build/dll/win32/itss/itss.dll
reactos/system32/jscript.dll=/home/alice/Estudos/ReactOS/ReactOSRCCompile1/build/dll/win32/jscript/jscript.dll
reactos/system32/jsproxy.dll=/home/alice/Estudos/ReactOS/ReactOSRCCompile1/build/dll/win32/jsproxy/jsproxy.dll
reactos/system32/kernel32_vista.dll=/home/alice/Estudos/ReactOS/ReactOSRCCompile1/build/dll/win32/kernel32/kernel32_vista/kernel32_vista.dll
reactos/system32/kernel32.dll=/home/alice/Estudos/ReactOS/ReactOSRCCompile1/build/dll/win32/kernel32/kernel32.dll
reactos/system32/loadperf.dll=/home/alice/Estudos/ReactOS/ReactOSRCCompile1/build/dll/win32/loadperf/loadperf.dll
reactos/system32/lpk.dll=/home/alice/Estudos/ReactOS/ReactOSRCCompile1/build/dll/win32/lpk/lpk.dll
reactos/system32/lsasrv.dll=/home/alice/Estudos/ReactOS/ReactOSRCCompile1/build/dll/win32/lsasrv/lsasrv.dll
reactos/system32/lz32.dll=/home/alice/Estudos/ReactOS/ReactOSRCCompile1/build/dll/win32/lz32/lz32.dll
reactos/system32/mapi32.dll=/home/alice/Estudos/ReactOS/ReactOSRCCompile1/build/dll/win32/mapi32/mapi32.dll
reactos/system32/mciavi32.dll=/home/alice/Estudos/ReactOS/ReactOSRCCompile1/build/dll/win32/mciavi32/mciavi32.dll
reactos/system32/mcicda.dll=/home/alice/Estudos/ReactOS/ReactOSRCCompile1/build/dll/win32/mcicda/mcicda.dll
reactos/system32/mciqtz32.dll=/home/alice/Estudos/ReactOS/ReactOSRCCompile1/build/dll/win32/mciqtz32/mciqtz32.dll
reactos/system32/mciseq.dll=/home/alice/Estudos/ReactOS/ReactOSRCCompile1/build/dll/win32/mciseq/mciseq.dll
reactos/system32/mciwave.dll=/home/alice/Estudos/ReactOS/ReactOSRCCompile1/build/dll/win32/mciwave/mciwave.dll
reactos/system32/mgmtapi.dll=/home/alice/Estudos/ReactOS/ReactOSRCCompile1/build/dll/win32/mgmtapi/mgmtapi.dll
reactos/system32/mlang.dll=/home/alice/Estudos/ReactOS/ReactOSRCCompile1/build/dll/win32/mlang/mlang.dll
reactos/system32/mmdrv.dll=/home/alice/Estudos/ReactOS/ReactOSRCCompile1/build/dll/win32/mmdrv/mmdrv.dll
reactos/system32/modemui.dll=/home/alice/Estudos/ReactOS/ReactOSRCCompile1/build/dll/win32/modemui/modemui.dll
reactos/system32/mpr.dll=/home/alice/Estudos/ReactOS/ReactOSRCCompile1/build/dll/win32/mpr/mpr.dll
reactos/system32/mprapi.dll=/home/alice/Estudos/ReactOS/ReactOSRCCompile1/build/dll/win32/mprapi/mprapi.dll
reactos/system32/msacm32.dll=/home/alice/Estudos/ReactOS/ReactOSRCCompile1/build/dll/win32/msacm32/msacm32.dll
reactos/system32/msacm32.drv=/home/alice/Estudos/ReactOS/ReactOSRCCompile1/build/dll/win32/msacm32.drv/msacm32.drv
reactos/system32/msadp32.acm=/home/alice/Estudos/ReactOS/ReactOSRCCompile1/build/dll/win32/msadp32.acm/msadp32.acm
reactos/system32/msafd.dll=/home/alice/Estudos/ReactOS/ReactOSRCCompile1/build/dll/win32/msafd/msafd.dll
reactos/system32/mscat32.dll=/home/alice/Estudos/ReactOS/ReactOSRCCompile1/build/dll/win32/mscat32/mscat32.dll
reactos/system32/mscms.dll=/home/alice/Estudos/ReactOS/ReactOSRCCompile1/build/dll/win32/mscms/mscms.dll
reactos/system32/mscoree.dll=/home/alice/Estudos/ReactOS/ReactOSRCCompile1/build/dll/win32/mscoree/mscoree.dll
reactos/system32/msftedit.dll=/home/alice/Estudos/ReactOS/ReactOSRCCompile1/build/dll/win32/msftedit/msftedit.dll
reactos/system32/msg711.acm=/home/alice/Estudos/ReactOS/ReactOSRCCompile1/build/dll/win32/msg711.acm/msg711.acm
reactos/system32/msgina.dll=/home/alice/Estudos/ReactOS/ReactOSRCCompile1/build/dll/win32/msgina/msgina.dll
reactos/system32/msgsm32.acm=/home/alice/Estudos/ReactOS/ReactOSRCCompile1/build/dll/win32/msgsm32.acm/msgsm32.acm
reactos/system32/mshtml.dll=/home/alice/Estudos/ReactOS/ReactOSRCCompile1/build/dll/win32/mshtml/mshtml.dll
reactos/system32/msi.dll=/home/alice/Estudos/ReactOS/ReactOSRCCompile1/build/dll/win32/msi/msi.dll
reactos/system32/mshtml.tlb=/home/alice/Estudos/ReactOS/ReactOSRCCompile1/build/dll/win32/mshtml.tlb/mshtml.tlb
reactos/system32/msimg32.dll=/home/alice/Estudos/ReactOS/ReactOSRCCompile1/build/dll/win32/msimg32/msimg32.dll
reactos/system32/msimtf.dll=/home/alice/Estudos/ReactOS/ReactOSRCCompile1/build/dll/win32/msimtf/msimtf.dll
reactos/system32/msisip.dll=/home/alice/Estudos/ReactOS/ReactOSRCCompile1/build/dll/win32/msisip/msisip.dll
reactos/system32/msisys.ocx=/home/alice/Estudos/ReactOS/ReactOSRCCompile1/build/dll/win32/msisys.ocx/msisys.ocx
reactos/system32/mspatcha.dll=/home/alice/Estudos/ReactOS/ReactOSRCCompile1/build/dll/win32/mspatcha/mspatcha.dll
reactos/system32/msports.dll=/home/alice/Estudos/ReactOS/ReactOSRCCompile1/build/dll/win32/msports/msports.dll
reactos/system32/msrle32.dll=/home/alice/Estudos/ReactOS/ReactOSRCCompile1/build/dll/win32/msrle32/msrle32.dll
reactos/system32/mssign32.dll=/home/alice/Estudos/ReactOS/ReactOSRCCompile1/build/dll/win32/mssign32/mssign32.dll
reactos/system32/mssip32.dll=/home/alice/Estudos/ReactOS/ReactOSRCCompile1/build/dll/win32/mssip32/mssip32.dll
reactos/system32/mstask.dll=/home/alice/Estudos/ReactOS/ReactOSRCCompile1/build/dll/win32/mstask/mstask.dll
reactos/system32/msv1_0.dll=/home/alice/Estudos/ReactOS/ReactOSRCCompile1/build/dll/win32/msv1_0/msv1_0.dll
reactos/system32/msvcrt.dll=/home/alice/Estudos/ReactOS/ReactOSRCCompile1/build/dll/win32/msvcrt/msvcrt.dll
reactos/system32/msvcrt20.dll=/home/alice/Estudos/ReactOS/ReactOSRCCompile1/build/dll/win32/msvcrt20/msvcrt20.dll
reactos/system32/msvcrt40.dll=/home/alice/Estudos/ReactOS/ReactOSRCCompile1/build/dll/win32/msvcrt40/msvcrt40.dll
reactos/system32/msvfw32.dll=/home/alice/Estudos/ReactOS/ReactOSRCCompile1/build/dll/win32/msvfw32/msvfw32.dll
reactos/system32/msvidc32.dll=/home/alice/Estudos/ReactOS/ReactOSRCCompile1/build/dll/win32/msvidc32/msvidc32.dll
reactos/system32/mswsock.dll=/home/alice/Estudos/ReactOS/ReactOSRCCompile1/build/dll/win32/mswsock/mswsock.dll
reactos/system32/msxml.dll=/home/alice/Estudos/ReactOS/ReactOSRCCompile1/build/dll/win32/msxml/msxml.dll
reactos/system32/msxml2.dll=/home/alice/Estudos/ReactOS/ReactOSRCCompile1/build/dll/win32/msxml2/msxml2.dll
reactos/system32/msxml3.dll=/home/alice/Estudos/ReactOS/ReactOSRCCompile1/build/dll/win32/msxml3/msxml3.dll
reactos/system32/msxml3r.dll=/home/alice/Estudos/ReactOS/ReactOSRCCompile1/build/dll/win32/msxml3r/msxml3r.dll
reactos/system32/msxml4.dll=/home/alice/Estudos/ReactOS/ReactOSRCCompile1/build/dll/win32/msxml4/msxml4.dll
reactos/system32/msxml6.dll=/home/alice/Estudos/ReactOS/ReactOSRCCompile1/build/dll/win32/msxml6/msxml6.dll
reactos/system32/mycomput.dll=/home/alice/Estudos/ReactOS/ReactOSRCCompile1/build/dll/win32/mycomput/mycomput.dll
reactos/system32/nddeapi.dll=/home/alice/Estudos/ReactOS/ReactOSRCCompile1/build/dll/win32/nddeapi/nddeapi.dll
reactos/system32/netapi32.dll=/home/alice/Estudos/ReactOS/ReactOSRCCompile1/build/dll/win32/netapi32/netapi32.dll
reactos/system32/netcfgx.dll=/home/alice/Estudos/ReactOS/ReactOSRCCompile1/build/dll/win32/netcfgx/netcfgx.dll
reactos/system32/netevent.dll=/home/alice/Estudos/ReactOS/ReactOSRCCompile1/build/dll/win32/netevent/netevent.dll
reactos/system32/netid.dll=/home/alice/Estudos/ReactOS/ReactOSRCCompile1/build/dll/win32/netid/netid.dll
reactos/system32/netmsg.dll=/home/alice/Estudos/ReactOS/ReactOSRCCompile1/build/dll/win32/netmsg/netmsg.dll
reactos/system32/netutils.dll=/home/alice/Estudos/ReactOS/ReactOSRCCompile1/build/dll/win32/netutils/netutils.dll
reactos/system32/newdev.dll=/home/alice/Estudos/ReactOS/ReactOSRCCompile1/build/dll/win32/newdev/newdev.dll
reactos/system32/npptools.dll=/home/alice/Estudos/ReactOS/ReactOSRCCompile1/build/dll/win32/npptools/npptools.dll
reactos/system32/ntdsapi.dll=/home/alice/Estudos/ReactOS/ReactOSRCCompile1/build/dll/win32/ntdsapi/ntdsapi.dll
reactos/system32/ntlanman.dll=/home/alice/Estudos/ReactOS/ReactOSRCCompile1/build/dll/win32/ntlanman/ntlanman.dll
reactos/system32/ntmarta.dll=/home/alice/Estudos/ReactOS/ReactOSRCCompile1/build/dll/win32/ntmarta/ntmarta.dll
reactos/system32/objsel.dll=/home/alice/Estudos/ReactOS/ReactOSRCCompile1/build/dll/win32/objsel/objsel.dll
reactos/system32/odbc32.dll=/home/alice/Estudos/ReactOS/ReactOSRCCompile1/build/dll/win32/odbc32/odbc32.dll
reactos/system32/odbccp32.dll=/home/alice/Estudos/ReactOS/ReactOSRCCompile1/build/dll/win32/odbccp32/odbccp32.dll
reactos/system32/ole32.dll=/home/alice/Estudos/ReactOS/ReactOSRCCompile1/build/dll/win32/ole32/ole32.dll
reactos/system32/oleacc.dll=/home/alice/Estudos/ReactOS/ReactOSRCCompile1/build/dll/win32/oleacc/oleacc.dll
reactos/system32/oleaut32.dll=/home/alice/Estudos/ReactOS/ReactOSRCCompile1/build/dll/win32/oleaut32/oleaut32.dll
reactos/system32/olecli32.dll=/home/alice/Estudos/ReactOS/ReactOSRCCompile1/build/dll/win32/olecli32/olecli32.dll
reactos/system32/oledlg.dll=/home/alice/Estudos/ReactOS/ReactOSRCCompile1/build/dll/win32/oledlg/oledlg.dll
reactos/system32/olepro32.dll=/home/alice/Estudos/ReactOS/ReactOSRCCompile1/build/dll/win32/olepro32/olepro32.dll
reactos/system32/olesvr32.dll=/home/alice/Estudos/ReactOS/ReactOSRCCompile1/build/dll/win32/olesvr32/olesvr32.dll
reactos/system32/olethk32.dll=/home/alice/Estudos/ReactOS/ReactOSRCCompile1/build/dll/win32/olethk32/olethk32.dll
reactos/system32/pdh.dll=/home/alice/Estudos/ReactOS/ReactOSRCCompile1/build/dll/win32/pdh/pdh.dll
reactos/system32/pidgen.dll=/home/alice/Estudos/ReactOS/ReactOSRCCompile1/build/dll/win32/pidgen/pidgen.dll
reactos/system32/powrprof.dll=/home/alice/Estudos/ReactOS/ReactOSRCCompile1/build/dll/win32/powrprof/powrprof.dll
reactos/system32/profmap.dll=/home/alice/Estudos/ReactOS/ReactOSRCCompile1/build/dll/win32/profmap/profmap.dll
reactos/system32/propsys.dll=/home/alice/Estudos/ReactOS/ReactOSRCCompile1/build/dll/win32/propsys/propsys.dll
reactos/system32/psapi.dll=/home/alice/Estudos/ReactOS/ReactOSRCCompile1/build/dll/win32/psapi/psapi.dll
reactos/system32/pstorec.dll=/home/alice/Estudos/ReactOS/ReactOSRCCompile1/build/dll/win32/pstorec/pstorec.dll
reactos/system32/qmgr.dll=/home/alice/Estudos/ReactOS/ReactOSRCCompile1/build/dll/win32/qmgr/qmgr.dll
reactos/system32/qmgrprxy.dll=/home/alice/Estudos/ReactOS/ReactOSRCCompile1/build/dll/win32/qmgrprxy/qmgrprxy.dll
reactos/system32/query.dll=/home/alice/Estudos/ReactOS/ReactOSRCCompile1/build/dll/win32/query/query.dll
reactos/system32/rasadhlp.dll=/home/alice/Estudos/ReactOS/ReactOSRCCompile1/build/dll/win32/rasadhlp/rasadhlp.dll
reactos/system32/rasapi32.dll=/home/alice/Estudos/ReactOS/ReactOSRCCompile1/build/dll/win32/rasapi32/rasapi32.dll
reactos/system32/rasdlg.dll=/home/alice/Estudos/ReactOS/ReactOSRCCompile1/build/dll/win32/rasdlg/rasdlg.dll
reactos/system32/rasman.dll=/home/alice/Estudos/ReactOS/ReactOSRCCompile1/build/dll/win32/rasman/rasman.dll
reactos/system32/regapi.dll=/home/alice/Estudos/ReactOS/ReactOSRCCompile1/build/dll/win32/regapi/regapi.dll
reactos/system32/resutils.dll=/home/alice/Estudos/ReactOS/ReactOSRCCompile1/build/dll/win32/resutils/resutils.dll
reactos/system32/riched20.dll=/home/alice/Estudos/ReactOS/ReactOSRCCompile1/build/dll/win32/riched20/riched20.dll
reactos/system32/riched32.dll=/home/alice/Estudos/ReactOS/ReactOSRCCompile1/build/dll/win32/riched32/riched32.dll
reactos/system32/rpcrt4.dll=/home/alice/Estudos/ReactOS/ReactOSRCCompile1/build/dll/win32/rpcrt4/rpcrt4.dll
reactos/system32/rsabase.dll=/home/alice/Estudos/ReactOS/ReactOSRCCompile1/build/dll/win32/rsabase/rsabase.dll
reactos/system32/rsaenh.dll=/home/alice/Estudos/ReactOS/ReactOSRCCompile1/build/dll/win32/rsaenh/rsaenh.dll
reactos/system32/samlib.dll=/home/alice/Estudos/ReactOS/ReactOSRCCompile1/build/dll/win32/samlib/samlib.dll
reactos/system32/samsrv.dll=/home/alice/Estudos/ReactOS/ReactOSRCCompile1/build/dll/win32/samsrv/samsrv.dll
reactos/system32/sccbase.dll=/home/alice/Estudos/ReactOS/ReactOSRCCompile1/build/dll/win32/sccbase/sccbase.dll
reactos/system32/schannel.dll=/home/alice/Estudos/ReactOS/ReactOSRCCompile1/build/dll/win32/schannel/schannel.dll
reactos/system32/scrrun.dll=/home/alice/Estudos/ReactOS/ReactOSRCCompile1/build/dll/win32/scrrun/scrrun.dll
reactos/system32/secur32.dll=/home/alice/Estudos/ReactOS/ReactOSRCCompile1/build/dll/win32/secur32/secur32.dll
reactos/system32/security.dll=/home/alice/Estudos/ReactOS/ReactOSRCCompile1/build/dll/win32/security/security.dll
reactos/system32/sensapi.dll=/home/alice/Estudos/ReactOS/ReactOSRCCompile1/build/dll/win32/sensapi/sensapi.dll
reactos/system32/serialui.dll=/home/alice/Estudos/ReactOS/ReactOSRCCompile1/build/dll/win32/serialui/serialui.dll
reactos/system32/setupapi.dll=/home/alice/Estudos/ReactOS/ReactOSRCCompile1/build/dll/win32/setupapi/setupapi.dll
reactos/system32/sfc.dll=/home/alice/Estudos/ReactOS/ReactOSRCCompile1/build/dll/win32/sfc/sfc.dll
reactos/system32/sfc_os.dll=/home/alice/Estudos/ReactOS/ReactOSRCCompile1/build/dll/win32/sfc_os/sfc_os.dll
reactos/system32/sfcfiles.dll=/home/alice/Estudos/ReactOS/ReactOSRCCompile1/build/dll/win32/sfcfiles/sfcfiles.dll
reactos/system32/shdoclc.dll=/home/alice/Estudos/ReactOS/ReactOSRCCompile1/build/dll/win32/shdoclc/shdoclc.dll
reactos/system32/shdocvw.dll=/home/alice/Estudos/ReactOS/ReactOSRCCompile1/build/dll/win32/shdocvw/shdocvw.dll
reactos/system32/shell32.dll=/home/alice/Estudos/ReactOS/ReactOSRCCompile1/build/dll/win32/shell32/shell32.dll
reactos/system32/shfolder.dll=/home/alice/Estudos/ReactOS/ReactOSRCCompile1/build/dll/win32/shfolder/shfolder.dll
reactos/system32/shimgvw.dll=/home/alice/Estudos/ReactOS/ReactOSRCCompile1/build/dll/win32/shimgvw/shimgvw.dll
reactos/system32/shlwapi.dll=/home/alice/Estudos/ReactOS/ReactOSRCCompile1/build/dll/win32/shlwapi/shlwapi.dll
reactos/system32/slbcsp.dll=/home/alice/Estudos/ReactOS/ReactOSRCCompile1/build/dll/win32/slbcsp/slbcsp.dll
reactos/system32/sndblst.dll=/home/alice/Estudos/ReactOS/ReactOSRCCompile1/build/dll/win32/sndblst/sndblst.dll
reactos/system32/snmpapi.dll=/home/alice/Estudos/ReactOS/ReactOSRCCompile1/build/dll/win32/snmpapi/snmpapi.dll
reactos/system32/softpub.dll=/home/alice/Estudos/ReactOS/ReactOSRCCompile1/build/dll/win32/softpub/softpub.dll
reactos/system32/srclient.dll=/home/alice/Estudos/ReactOS/ReactOSRCCompile1/build/dll/win32/srclient/srclient.dll
reactos/system32/stdole2.tlb=/home/alice/Estudos/ReactOS/ReactOSRCCompile1/build/dll/win32/stdole2.tlb/stdole2.tlb
reactos/system32/stdole32.tlb=/home/alice/Estudos/ReactOS/ReactOSRCCompile1/build/dll/win32/stdole32.tlb/stdole32.tlb
reactos/system32/sti.dll=/home/alice/Estudos/ReactOS/ReactOSRCCompile1/build/dll/win32/sti/sti.dll
reactos/system32/storprop.dll=/home/alice/Estudos/ReactOS/ReactOSRCCompile1/build/dll/win32/storprop/storprop.dll
reactos/system32/streamci.dll=/home/alice/Estudos/ReactOS/ReactOSRCCompile1/build/dll/win32/streamci/streamci.dll
reactos/system32/sxs.dll=/home/alice/Estudos/ReactOS/ReactOSRCCompile1/build/dll/win32/sxs/sxs.dll
reactos/system32/syssetup.dll=/home/alice/Estudos/ReactOS/ReactOSRCCompile1/build/dll/win32/syssetup/syssetup.dll
reactos/system32/t2embed.dll=/home/alice/Estudos/ReactOS/ReactOSRCCompile1/build/dll/win32/t2embed/t2embed.dll
reactos/system32/tapi32.dll=/home/alice/Estudos/ReactOS/ReactOSRCCompile1/build/dll/win32/tapi32/tapi32.dll
reactos/system32/tapiui.dll=/home/alice/Estudos/ReactOS/ReactOSRCCompile1/build/dll/win32/tapiui/tapiui.dll
reactos/system32/themeui.dll=/home/alice/Estudos/ReactOS/ReactOSRCCompile1/build/dll/win32/themeui/themeui.dll
reactos/system32/traffic.dll=/home/alice/Estudos/ReactOS/ReactOSRCCompile1/build/dll/win32/traffic/traffic.dll
reactos/twain_32.dll=/home/alice/Estudos/ReactOS/ReactOSRCCompile1/build/dll/win32/twain_32/twain_32.dll
reactos/system32/ubtrfs.dll=/home/alice/Estudos/ReactOS/ReactOSRCCompile1/build/dll/win32/ubtrfs/ubtrfs.dll
reactos/system32/ucdfs.dll=/home/alice/Estudos/ReactOS/ReactOSRCCompile1/build/dll/win32/ucdfs/ucdfs.dll
reactos/system32/ucrtbase.dll=/home/alice/Estudos/ReactOS/ReactOSRCCompile1/build/dll/win32/ucrtbase/ucrtbase.dll
reactos/system32/uext2.dll=/home/alice/Estudos/ReactOS/ReactOSRCCompile1/build/dll/win32/uext2/uext2.dll
reactos/system32/ufat.dll=/home/alice/Estudos/ReactOS/ReactOSRCCompile1/build/dll/win32/ufat/ufat.dll
reactos/system32/ufatx.dll=/home/alice/Estudos/ReactOS/ReactOSRCCompile1/build/dll/win32/ufatx/ufatx.dll
reactos/system32/uiautomationcore.dll=/home/alice/Estudos/ReactOS/ReactOSRCCompile1/build/dll/win32/uiautomationcore/uiautomationcore.dll
reactos/system32/untfs.dll=/home/alice/Estudos/ReactOS/ReactOSRCCompile1/build/dll/win32/untfs/untfs.dll
reactos/system32/updspapi.dll=/home/alice/Estudos/ReactOS/ReactOSRCCompile1/build/dll/win32/updspapi/updspapi.dll
reactos/system32/url.dll=/home/alice/Estudos/ReactOS/ReactOSRCCompile1/build/dll/win32/url/url.dll
reactos/system32/urlmon.dll=/home/alice/Estudos/ReactOS/ReactOSRCCompile1/build/dll/win32/urlmon/urlmon.dll
reactos/system32/userenv.dll=/home/alice/Estudos/ReactOS/ReactOSRCCompile1/build/dll/win32/userenv/userenv.dll
reactos/system32/usp10.dll=/home/alice/Estudos/ReactOS/ReactOSRCCompile1/build/dll/win32/usp10/usp10.dll
reactos/system32/uxtheme.dll=/home/alice/Estudos/ReactOS/ReactOSRCCompile1/build/dll/win32/uxtheme/uxtheme.dll
reactos/system32/vbscript.dll=/home/alice/Estudos/ReactOS/ReactOSRCCompile1/build/dll/win32/vbscript/vbscript.dll
reactos/system32/verifier.dll=/home/alice/Estudos/ReactOS/ReactOSRCCompile1/build/dll/win32/verifier/verifier.dll
reactos/system32/version.dll=/home/alice/Estudos/ReactOS/ReactOSRCCompile1/build/dll/win32/version/version.dll
reactos/system32/vssapi.dll=/home/alice/Estudos/ReactOS/ReactOSRCCompile1/build/dll/win32/vssapi/vssapi.dll
reactos/system32/wbem/wbemdisp.dll=/home/alice/Estudos/ReactOS/ReactOSRCCompile1/build/dll/win32/wbemdisp/wbemdisp.dll
reactos/system32/wbem/wbemprox.dll=/home/alice/Estudos/ReactOS/ReactOSRCCompile1/build/dll/win32/wbemprox/wbemprox.dll
reactos/system32/wdmaud.drv=/home/alice/Estudos/ReactOS/ReactOSRCCompile1/build/dll/win32/wdmaud.drv/wdmaud.drv
reactos/system32/windowscodecs.dll=/home/alice/Estudos/ReactOS/ReactOSRCCompile1/build/dll/win32/windowscodecs/windowscodecs.dll
reactos/system32/windowscodecsext.dll=/home/alice/Estudos/ReactOS/ReactOSRCCompile1/build/dll/win32/windowscodecsext/windowscodecsext.dll
reactos/system32/winemp3.acm=/home/alice/Estudos/ReactOS/ReactOSRCCompile1/build/dll/win32/winemp3.acm/winemp3.acm
reactos/system32/winfax.dll=/home/alice/Estudos/ReactOS/ReactOSRCCompile1/build/dll/win32/winfax/winfax.dll
reactos/system32/wing32.dll=/home/alice/Estudos/ReactOS/ReactOSRCCompile1/build/dll/win32/wing32/wing32.dll
reactos/system32/winhttp.dll=/home/alice/Estudos/ReactOS/ReactOSRCCompile1/build/dll/win32/winhttp/winhttp.dll
reactos/system32/wininet.dll=/home/alice/Estudos/ReactOS/ReactOSRCCompile1/build/dll/win32/wininet/wininet.dll
reactos/system32/winmm.dll=/home/alice/Estudos/ReactOS/ReactOSRCCompile1/build/dll/win32/winmm/winmm.dll
reactos/system32/midimap.dll=/home/alice/Estudos/ReactOS/ReactOSRCCompile1/build/dll/win32/winmm/midimap/midimap.dll
reactos/system32/winscard.dll=/home/alice/Estudos/ReactOS/ReactOSRCCompile1/build/dll/win32/winscard/winscard.dll
reactos/system32/winsta.dll=/home/alice/Estudos/ReactOS/ReactOSRCCompile1/build/dll/win32/winsta/winsta.dll
reactos/system32/wintrust.dll=/home/alice/Estudos/ReactOS/ReactOSRCCompile1/build/dll/win32/wintrust/wintrust.dll
reactos/system32/winusb.dll=/home/alice/Estudos/ReactOS/ReactOSRCCompile1/build/dll/win32/winusb/winusb.dll
reactos/system32/wlanapi.dll=/home/alice/Estudos/ReactOS/ReactOSRCCompile1/build/dll/win32/wlanapi/wlanapi.dll
reactos/system32/wldap32.dll=/home/alice/Estudos/ReactOS/ReactOSRCCompile1/build/dll/win32/wldap32/wldap32.dll
reactos/system32/wlnotify.dll=/home/alice/Estudos/ReactOS/ReactOSRCCompile1/build/dll/win32/wlnotify/wlnotify.dll
reactos/system32/wmi.dll=/home/alice/Estudos/ReactOS/ReactOSRCCompile1/build/dll/win32/wmi/wmi.dll
reactos/system32/wbem/wmiutils.dll=/home/alice/Estudos/ReactOS/ReactOSRCCompile1/build/dll/win32/wmiutils/wmiutils.dll
reactos/system32/wmvcore.dll=/home/alice/Estudos/ReactOS/ReactOSRCCompile1/build/dll/win32/wmvcore/wmvcore.dll
reactos/system32/ws2_32.dll=/home/alice/Estudos/ReactOS/ReactOSRCCompile1/build/dll/win32/ws2_32/ws2_32.dll
reactos/system32/ws2help.dll=/home/alice/Estudos/ReactOS/ReactOSRCCompile1/build/dll/win32/ws2help/ws2help.dll
reactos/system32/wshirda.dll=/home/alice/Estudos/ReactOS/ReactOSRCCompile1/build/dll/win32/wshirda/wshirda.dll
reactos/system32/wshom.ocx=/home/alice/Estudos/ReactOS/ReactOSRCCompile1/build/dll/win32/wshom.ocx/wshom.ocx
reactos/system32/wshtcpip.dll=/home/alice/Estudos/ReactOS/ReactOSRCCompile1/build/dll/win32/wshtcpip/wshtcpip.dll
reactos/system32/wsock32.dll=/home/alice/Estudos/ReactOS/ReactOSRCCompile1/build/dll/win32/wsock32/wsock32.dll
reactos/system32/wtsapi32.dll=/home/alice/Estudos/ReactOS/ReactOSRCCompile1/build/dll/win32/wtsapi32/wtsapi32.dll
reactos/system32/wuapi.dll=/home/alice/Estudos/ReactOS/ReactOSRCCompile1/build/dll/win32/wuapi/wuapi.dll
reactos/system32/xinput1_1.dll=/home/alice/Estudos/ReactOS/ReactOSRCCompile1/build/dll/win32/xinput1_1/xinput1_1.dll
reactos/system32/xinput1_2.dll=/home/alice/Estudos/ReactOS/ReactOSRCCompile1/build/dll/win32/xinput1_2/xinput1_2.dll
reactos/system32/xinput1_3.dll=/home/alice/Estudos/ReactOS/ReactOSRCCompile1/build/dll/win32/xinput1_3/xinput1_3.dll
reactos/system32/xinput9_1_0.dll=/home/alice/Estudos/ReactOS/ReactOSRCCompile1/build/dll/win32/xinput9_1_0/xinput9_1_0.dll
reactos/system32/xmllite.dll=/home/alice/Estudos/ReactOS/ReactOSRCCompile1/build/dll/win32/xmllite/xmllite.dll
reactos/system32/xolehlp.dll=/home/alice/Estudos/ReactOS/ReactOSRCCompile1/build/dll/win32/xolehlp/xolehlp.dll
reactos/system32/drivers/cmbatt.sys=/home/alice/Estudos/ReactOS/ReactOSRCCompile1/build/drivers/acpi/cmbatt/cmbatt.sys
reactos/system32/drivers/beep.sys=/home/alice/Estudos/ReactOS/ReactOSRCCompile1/build/drivers/base/beep/beep.sys
reactos/system32/pc98bvid.dll=/home/alice/Estudos/ReactOS/ReactOSRCCompile1/build/drivers/base/bootvid/pc98bvid.dll
reactos/system32/xboxbvid.dll=/home/alice/Estudos/ReactOS/ReactOSRCCompile1/build/drivers/base/bootvid/xboxbvid.dll
reactos/system32/bootvid.dll=/home/alice/Estudos/ReactOS/ReactOSRCCompile1/build/drivers/base/bootvid/bootvid.dll
reactos/system32/lfbbvid.dll=/home/alice/Estudos/ReactOS/ReactOSRCCompile1/build/drivers/base/bootvid/lfbbvid.dll
reactos/system32/drivers/condrv.sys=/home/alice/Estudos/ReactOS/ReactOSRCCompile1/build/drivers/base/condrv/condrv.sys
reactos/system32/kdcom.dll=/home/alice/Estudos/ReactOS/ReactOSRCCompile1/build/drivers/base/kdrosdbg/kdcom.dll
reactos/system32/drivers/nmidebug.sys=/home/alice/Estudos/ReactOS/ReactOSRCCompile1/build/drivers/base/nmidebug/nmidebug.sys
reactos/system32/drivers/null.sys=/home/alice/Estudos/ReactOS/ReactOSRCCompile1/build/drivers/base/null/null.sys
reactos/system32/drivers/battc.sys=/home/alice/Estudos/ReactOS/ReactOSRCCompile1/build/drivers/battery/battc/battc.sys
reactos/system32/drivers/compbatt.sys=/home/alice/Estudos/ReactOS/ReactOSRCCompile1/build/drivers/battery/compbatt/compbatt.sys
reactos/system32/drivers/fbtusb.sys=/home/alice/Estudos/ReactOS/ReactOSRCCompile1/build/drivers/bluetooth/fbtusb/fbtusb.sys
reactos/system32/drivers/acpi.sys=/home/alice/Estudos/ReactOS/ReactOSRCCompile1/build/drivers/bus/acpi/acpi.sys
reactos/inf/acpi.inf=/home/alice/Estudos/ReactOS/ReactOSRCCompile1/build/drivers/bus/acpi/acpi.inf
reactos/system32/drivers/isapnp.sys=/home/alice/Estudos/ReactOS/ReactOSRCCompile1/build/drivers/bus/isapnp/isapnp.sys
reactos/system32/drivers/pci.sys=/home/alice/Estudos/ReactOS/ReactOSRCCompile1/build/drivers/bus/pci/pci.sys
reactos/system32/drivers/pcix.sys=/home/alice/Estudos/ReactOS/ReactOSRCCompile1/build/drivers/bus/pcix/pcix.sys
reactos/system32/drivers/pcmcia.sys=/home/alice/Estudos/ReactOS/ReactOSRCCompile1/build/drivers/bus/pcmcia/pcmcia.sys
reactos/system32/drivers/ksecdd.sys=/home/alice/Estudos/ReactOS/ReactOSRCCompile1/build/drivers/crypto/ksecdd/ksecdd.sys
reactos/system32/drivers/btrfs.sys=/home/alice/Estudos/ReactOS/ReactOSRCCompile1/build/drivers/filesystems/btrfs/btrfs.sys
reactos/inf/btrfs.inf=/home/alice/Estudos/ReactOS/ReactOSRCCompile1/build/drivers/filesystems/btrfs/btrfs.inf
reactos/system32/drivers/cdfs.sys=/home/alice/Estudos/ReactOS/ReactOSRCCompile1/build/drivers/filesystems/cdfs/cdfs.sys
reactos/system32/drivers/ext2fs.sys=/home/alice/Estudos/ReactOS/ReactOSRCCompile1/build/drivers/filesystems/ext2/ext2fs.sys
reactos/system32/drivers/fastfat.sys=/home/alice/Estudos/ReactOS/ReactOSRCCompile1/build/drivers/filesystems/fastfat/fastfat.sys
reactos/system32/drivers/fs_rec.sys=/home/alice/Estudos/ReactOS/ReactOSRCCompile1/build/drivers/filesystems/fs_rec/fs_rec.sys
reactos/system32/drivers/msfs.sys=/home/alice/Estudos/ReactOS/ReactOSRCCompile1/build/drivers/filesystems/msfs/msfs.sys
reactos/system32/drivers/mup.sys=/home/alice/Estudos/ReactOS/ReactOSRCCompile1/build/drivers/filesystems/mup/mup.sys
reactos/system32/drivers/nfs41_driver.sys=/home/alice/Estudos/ReactOS/ReactOSRCCompile1/build/drivers/filesystems/nfs/nfs41_driver.sys
reactos/system32/drivers/npfs.sys=/home/alice/Estudos/ReactOS/ReactOSRCCompile1/build/drivers/filesystems/npfs/npfs.sys
reactos/system32/drivers/ntfs.sys=/home/alice/Estudos/ReactOS/ReactOSRCCompile1/build/drivers/filesystems/ntfs/ntfs.sys
reactos/system32/drivers/udfs.sys=/home/alice/Estudos/ReactOS/ReactOSRCCompile1/build/drivers/filesystems/udfs/udfs.sys
reactos/system32/drivers/fltmgr.sys=/home/alice/Estudos/ReactOS/ReactOSRCCompile1/build/drivers/filters/fltmgr/fltmgr.sys
reactos/system32/drivers/hidclass.sys=/home/alice/Estudos/ReactOS/ReactOSRCCompile1/build/drivers/hid/hidclass/hidclass.sys
reactos/system32/drivers/hidparse.sys=/home/alice/Estudos/ReactOS/ReactOSRCCompile1/build/drivers/hid/hidparse/hidparse.sys
reactos/system32/drivers/hidusb.sys=/home/alice/Estudos/ReactOS/ReactOSRCCompile1/build/drivers/hid/hidusb/hidusb.sys
reactos/system32/drivers/kbdhid.sys=/home/alice/Estudos/ReactOS/ReactOSRCCompile1/build/drivers/hid/kbdhid/kbdhid.sys
reactos/system32/drivers/mouhid.sys=/home/alice/Estudos/ReactOS/ReactOSRCCompile1/build/drivers/hid/mouhid/mouhid.sys
reactos/system32/drivers/i8042prt.sys=/home/alice/Estudos/ReactOS/ReactOSRCCompile1/build/drivers/input/i8042prt/i8042prt.sys
reactos/system32/drivers/inport.sys=/home/alice/Estudos/ReactOS/ReactOSRCCompile1/build/drivers/input/inport/inport.sys
reactos/system32/drivers/kbdclass.sys=/home/alice/Estudos/ReactOS/ReactOSRCCompile1/build/drivers/input/kbdclass/kbdclass.sys
reactos/system32/drivers/mouclass.sys=/home/alice/Estudos/ReactOS/ReactOSRCCompile1/build/drivers/input/mouclass/mouclass.sys
reactos/system32/drivers/sermouse.sys=/home/alice/Estudos/ReactOS/ReactOSRCCompile1/build/drivers/input/sermouse/sermouse.sys
reactos/system32/drivers/ks.sys=/home/alice/Estudos/ReactOS/ReactOSRCCompile1/build/drivers/ksfilter/ks/ks.sys
reactos/system32/drivers/swenum.sys=/home/alice/Estudos/ReactOS/ReactOSRCCompile1/build/drivers/ksfilter/swenum/swenum.sys
reactos/system32/drivers/bdasup.sys=/home/alice/Estudos/ReactOS/ReactOSRCCompile1/build/drivers/multimedia/bdasup/bdasup.sys
reactos/system32/drivers/afd.sys=/home/alice/Estudos/ReactOS/ReactOSRCCompile1/build/drivers/network/afd/afd.sys
reactos/system32/drivers/dc21x4.sys=/home/alice/Estudos/ReactOS/ReactOSRCCompile1/build/drivers/network/dd/dc21x4/dc21x4.sys
reactos/inf/net21x4.inf=/home/alice/Estudos/ReactOS/ReactOSRCCompile1/build/drivers/network/dd/dc21x4/net21x4.inf
reactos/system32/drivers/e1000.sys=/home/alice/Estudos/ReactOS/ReactOSRCCompile1/build/drivers/network/dd/e1000/e1000.sys
reactos/inf/nete1000.inf=/home/alice/Estudos/ReactOS/ReactOSRCCompile1/build/drivers/network/dd/e1000/nete1000.inf
reactos/system32/drivers/ne2000.sys=/home/alice/Estudos/ReactOS/ReactOSRCCompile1/build/drivers/network/dd/ne2000/ne2000.sys
reactos/inf/netne.inf=/home/alice/Estudos/ReactOS/ReactOSRCCompile1/build/drivers/network/dd/ne2000/netne.inf
reactos/system32/drivers/netkvm.sys=/home/alice/Estudos/ReactOS/ReactOSRCCompile1/build/drivers/network/dd/netkvm/netkvm.sys
reactos/inf/netkvm.inf=/home/alice/Estudos/ReactOS/ReactOSRCCompile1/build/drivers/network/dd/netkvm/netkvm.inf
reactos/system32/drivers/nvnet.sys=/home/alice/Estudos/ReactOS/ReactOSRCCompile1/build/drivers/network/dd/nvnet/nvnet.sys
reactos/inf/netnv.inf=/home/alice/Estudos/ReactOS/ReactOSRCCompile1/build/drivers/network/dd/nvnet/netnv.inf
reactos/system32/drivers/pcnet.sys=/home/alice/Estudos/ReactOS/ReactOSRCCompile1/build/drivers/network/dd/pcnet/pcnet.sys
reactos/inf/netamd.inf=/home/alice/Estudos/ReactOS/ReactOSRCCompile1/build/drivers/network/dd/pcnet/netamd.inf
reactos/system32/drivers/rtl8139.sys=/home/alice/Estudos/ReactOS/ReactOSRCCompile1/build/drivers/network/dd/rtl8139/rtl8139.sys
reactos/inf/netrtl.inf=/home/alice/Estudos/ReactOS/ReactOSRCCompile1/build/drivers/network/dd/rtl8139/netrtl.inf
reactos/system32/drivers/ndis.sys=/home/alice/Estudos/ReactOS/ReactOSRCCompile1/build/drivers/network/ndis/ndis.sys
reactos/system32/drivers/ndisuio.sys=/home/alice/Estudos/ReactOS/ReactOSRCCompile1/build/drivers/network/ndisuio/ndisuio.sys
reactos/system32/drivers/netio.sys=/home/alice/Estudos/ReactOS/ReactOSRCCompile1/build/drivers/network/netio/netio.sys
reactos/system32/drivers/tcpip.sys=/home/alice/Estudos/ReactOS/ReactOSRCCompile1/build/drivers/network/tcpip/tcpip.sys
reactos/system32/drivers/tdi.sys=/home/alice/Estudos/ReactOS/ReactOSRCCompile1/build/drivers/network/tdi/tdi.sys
reactos/system32/drivers/parport.sys=/home/alice/Estudos/ReactOS/ReactOSRCCompile1/build/drivers/parallel/parport/parport.sys
reactos/system32/drivers/processr.sys=/home/alice/Estudos/ReactOS/ReactOSRCCompile1/build/drivers/processor/processr/processr.sys
reactos/inf/cpu.inf=/home/alice/Estudos/ReactOS/ReactOSRCCompile1/build/drivers/processor/processr/cpu.inf
reactos/system32/drivers/sacdrv.sys=/home/alice/Estudos/ReactOS/ReactOSRCCompile1/build/drivers/sac/driver/sacdrv.sys
reactos/system32/drivers/serenum.sys=/home/alice/Estudos/ReactOS/ReactOSRCCompile1/build/drivers/serial/serenum/serenum.sys
reactos/system32/drivers/serial.sys=/home/alice/Estudos/ReactOS/ReactOSRCCompile1/build/drivers/serial/serial/serial.sys
reactos/system32/drivers/blue.sys=/home/alice/Estudos/ReactOS/ReactOSRCCompile1/build/drivers/setup/blue/blue.sys
reactos/system32/drivers/cdrom.sys=/home/alice/Estudos/ReactOS/ReactOSRCCompile1/build/drivers/storage/class/cdrom/cdrom.sys
reactos/inf/cdrom.inf=/home/alice/Estudos/ReactOS/ReactOSRCCompile1/build/drivers/storage/class/cdrom/cdrom.inf
reactos/system32/drivers/classpnp.sys=/home/alice/Estudos/ReactOS/ReactOSRCCompile1/build/drivers/storage/class/classpnp/classpnp.sys
reactos/system32/drivers/disk.sys=/home/alice/Estudos/ReactOS/ReactOSRCCompile1/build/drivers/storage/class/disk/disk.sys
reactos/inf/disk.inf=/home/alice/Estudos/ReactOS/ReactOSRCCompile1/build/drivers/storage/class/disk/disk.inf
reactos/system32/drivers/ramdisk.sys=/home/alice/Estudos/ReactOS/ReactOSRCCompile1/build/drivers/storage/class/ramdisk/ramdisk.sys
reactos/inf/ramdisk.inf=/home/alice/Estudos/ReactOS/ReactOSRCCompile1/build/drivers/storage/class/ramdisk/ramdisk.inf
reactos/system32/drivers/floppy.sys=/home/alice/Estudos/ReactOS/ReactOSRCCompile1/build/drivers/storage/floppy/floppy/floppy.sys
reactos/system32/drivers/atapi.sys=/home/alice/Estudos/ReactOS/ReactOSRCCompile1/build/drivers/storage/ide/atapi/atapi.sys
reactos/system32/drivers/legide.sys=/home/alice/Estudos/ReactOS/ReactOSRCCompile1/build/drivers/storage/ide/legide/legide.sys
reactos/system32/drivers/pciide.sys=/home/alice/Estudos/ReactOS/ReactOSRCCompile1/build/drivers/storage/ide/pciide/pciide.sys
reactos/system32/drivers/pciidex.sys=/home/alice/Estudos/ReactOS/ReactOSRCCompile1/build/drivers/storage/ide/pciidex/pciidex.sys
reactos/system32/drivers/uniata.sys=/home/alice/Estudos/ReactOS/ReactOSRCCompile1/build/drivers/storage/ide/uniata/uniata.sys
reactos/inf/uniata_comm.inf=/home/alice/Estudos/ReactOS/ReactOSRCCompile1/build/drivers/storage/ide/uniata/uniata_comm.inf
reactos/system32/drivers/mountmgr.sys=/home/alice/Estudos/ReactOS/ReactOSRCCompile1/build/drivers/storage/mountmgr/mountmgr.sys
reactos/system32/drivers/partmgr.sys=/home/alice/Estudos/ReactOS/ReactOSRCCompile1/build/drivers/storage/partmgr/partmgr.sys
reactos/system32/drivers/buslogic.sys=/home/alice/Estudos/ReactOS/ReactOSRCCompile1/build/drivers/storage/port/buslogic/buslogic.sys
reactos/system32/drivers/scsiport.sys=/home/alice/Estudos/ReactOS/ReactOSRCCompile1/build/drivers/storage/port/scsiport/scsiport.sys
reactos/system32/drivers/storport.sys=/home/alice/Estudos/ReactOS/ReactOSRCCompile1/build/drivers/storage/port/storport/storport.sys
reactos/system32/drivers/usbccgp.sys=/home/alice/Estudos/ReactOS/ReactOSRCCompile1/build/drivers/usb/usbccgp/usbccgp.sys
reactos/system32/drivers/usbd.sys=/home/alice/Estudos/ReactOS/ReactOSRCCompile1/build/drivers/usb/usbd/usbd.sys
reactos/system32/drivers/usbehci.sys=/home/alice/Estudos/ReactOS/ReactOSRCCompile1/build/drivers/usb/usbehci/usbehci.sys
reactos/system32/drivers/usbhub.sys=/home/alice/Estudos/ReactOS/ReactOSRCCompile1/build/drivers/usb/usbhub/usbhub.sys
reactos/system32/drivers/usbohci.sys=/home/alice/Estudos/ReactOS/ReactOSRCCompile1/build/drivers/usb/usbohci/usbohci.sys
reactos/system32/drivers/usbport.sys=/home/alice/Estudos/ReactOS/ReactOSRCCompile1/build/drivers/usb/usbport/usbport.sys
reactos/system32/drivers/usbstor.sys=/home/alice/Estudos/ReactOS/ReactOSRCCompile1/build/drivers/usb/usbstor/usbstor.sys
reactos/inf/usbstor.inf=/home/alice/Estudos/ReactOS/ReactOSRCCompile1/build/drivers/usb/usbstor/usbstor.inf
reactos/system32/drivers/usbuhci.sys=/home/alice/Estudos/ReactOS/ReactOSRCCompile1/build/drivers/usb/usbuhci/usbuhci.sys
reactos/system32/drivers/portcls.sys=/home/alice/Estudos/ReactOS/ReactOSRCCompile1/build/drivers/wdm/audio/backpln/portcls/portcls.sys
reactos/system32/drivers/ac97.sys=/home/alice/Estudos/ReactOS/ReactOSRCCompile1/build/drivers/wdm/audio/drivers/ac97/ac97.sys
reactos/inf/ac97.inf=/home/alice/Estudos/ReactOS/ReactOSRCCompile1/build/drivers/wdm/audio/drivers/ac97/ac97.inf
reactos/system32/drivers/cmicontrol.exe=/home/alice/Estudos/ReactOS/ReactOSRCCompile1/build/drivers/wdm/audio/drivers/CMIDriver/cmicontrol/cmicontrol.exe
reactos/system32/drivers/cmicpl.cpl=/home/alice/Estudos/ReactOS/ReactOSRCCompile1/build/drivers/wdm/audio/drivers/CMIDriver/cpl/cmicpl.cpl
reactos/system32/drivers/cmipci.sys=/home/alice/Estudos/ReactOS/ReactOSRCCompile1/build/drivers/wdm/audio/drivers/CMIDriver/cmipci.sys
reactos/inf/CM8738-x32.inf=/home/alice/Estudos/ReactOS/ReactOSRCCompile1/drivers/wdm/audio/drivers/CMIDriver/CM8738-x32.inf
reactos/system32/drivers/drmk.sys=/home/alice/Estudos/ReactOS/ReactOSRCCompile1/build/drivers/wdm/audio/drm/drmk/drmk.sys
reactos/system32/drivers/kmixer.sys=/home/alice/Estudos/ReactOS/ReactOSRCCompile1/build/drivers/wdm/audio/filters/kmixer/kmixer.sys
reactos/system32/drivers/hdaudbus.sys=/home/alice/Estudos/ReactOS/ReactOSRCCompile1/build/drivers/wdm/audio/hdaudbus/hdaudbus.sys
reactos/inf/hdaudbus.inf=/home/alice/Estudos/ReactOS/ReactOSRCCompile1/build/drivers/wdm/audio/hdaudbus/hdaudbus.inf
reactos/system32/drivers/wdmaud.sys=/home/alice/Estudos/ReactOS/ReactOSRCCompile1/build/drivers/wdm/audio/legacy/wdmaud/wdmaud.sys
reactos/system32/drivers/sysaudio.sys=/home/alice/Estudos/ReactOS/ReactOSRCCompile1/build/drivers/wdm/audio/sysaudio/sysaudio.sys
reactos/system32/drivers/wmilib.sys=/home/alice/Estudos/ReactOS/ReactOSRCCompile1/build/drivers/wmi/wmilib.sys
reactos/system32/hal.dll=/home/alice/Estudos/ReactOS/ReactOSRCCompile1/build/hal/halx86/hal.dll
reactos/system32/halacpi.dll=/home/alice/Estudos/ReactOS/ReactOSRCCompile1/build/hal/halx86/halacpi.dll
reactos/system32/halaacpi.dll=/home/alice/Estudos/ReactOS/ReactOSRCCompile1/build/hal/halx86/halaacpi.dll
reactos/system32/halapic.dll=/home/alice/Estudos/ReactOS/ReactOSRCCompile1/build/hal/halx86/halapic.dll
reactos/system32/halxbox.dll=/home/alice/Estudos/ReactOS/ReactOSRCCompile1/build/hal/halx86/halxbox.dll
reactos/system32/halpc98.dll=/home/alice/Estudos/ReactOS/ReactOSRCCompile1/build/hal/halx86/halpc98.dll
reactos/system32/halmacpi.dll=/home/alice/Estudos/ReactOS/ReactOSRCCompile1/build/hal/halx86/halmacpi.dll
reactos/system32/drivers/wdfldr.sys=/home/alice/Estudos/ReactOS/ReactOSRCCompile1/build/sdk/lib/drivers/wdf/wdfldr/wdfldr.sys
reactos/system32/drivers/wdf01000.sys=/home/alice/Estudos/ReactOS/ReactOSRCCompile1/build/sdk/lib/drivers/wdf/wdf01000.sys
reactos/Fonts/arial.ttf=/home/alice/Estudos/ReactOS/ReactOSRCCompile1/media/fonts/arial.ttf
reactos/Fonts/arialbd.ttf=/home/alice/Estudos/ReactOS/ReactOSRCCompile1/media/fonts/arialbd.ttf
reactos/Fonts/arialbi.ttf=/home/alice/Estudos/ReactOS/ReactOSRCCompile1/media/fonts/arialbi.ttf
reactos/Fonts/ariali.ttf=/home/alice/Estudos/ReactOS/ReactOSRCCompile1/media/fonts/ariali.ttf
reactos/Fonts/ariblk.ttf=/home/alice/Estudos/ReactOS/ReactOSRCCompile1/media/fonts/ariblk.ttf
reactos/Fonts/comic.ttf=/home/alice/Estudos/ReactOS/ReactOSRCCompile1/media/fonts/comic.ttf
reactos/Fonts/comicbd.ttf=/home/alice/Estudos/ReactOS/ReactOSRCCompile1/media/fonts/comicbd.ttf
reactos/Fonts/cour.ttf=/home/alice/Estudos/ReactOS/ReactOSRCCompile1/media/fonts/cour.ttf
reactos/Fonts/courbd.ttf=/home/alice/Estudos/ReactOS/ReactOSRCCompile1/media/fonts/courbd.ttf
reactos/Fonts/courbi.ttf=/home/alice/Estudos/ReactOS/ReactOSRCCompile1/media/fonts/courbi.ttf
reactos/Fonts/couri.ttf=/home/alice/Estudos/ReactOS/ReactOSRCCompile1/media/fonts/couri.ttf
reactos/Fonts/framd.ttf=/home/alice/Estudos/ReactOS/ReactOSRCCompile1/media/fonts/framd.ttf
reactos/Fonts/framdit.ttf=/home/alice/Estudos/ReactOS/ReactOSRCCompile1/media/fonts/framdit.ttf
reactos/Fonts/FreeSans.ttf=/home/alice/Estudos/ReactOS/ReactOSRCCompile1/media/fonts/FreeSans.ttf
reactos/Fonts/FreeSansBold.ttf=/home/alice/Estudos/ReactOS/ReactOSRCCompile1/media/fonts/FreeSansBold.ttf
reactos/Fonts/FreeSansBoldOblique.ttf=/home/alice/Estudos/ReactOS/ReactOSRCCompile1/media/fonts/FreeSansBoldOblique.ttf
reactos/Fonts/FreeSansOblique.ttf=/home/alice/Estudos/ReactOS/ReactOSRCCompile1/media/fonts/FreeSansOblique.ttf
reactos/Fonts/FSEX301.ttf=/home/alice/Estudos/ReactOS/ReactOSRCCompile1/media/fonts/FSEX301.ttf
reactos/Fonts/FSEX301-L2.ttf=/home/alice/Estudos/ReactOS/ReactOSRCCompile1/media/fonts/FSEX301-L2.ttf
reactos/Fonts/georgia.ttf=/home/alice/Estudos/ReactOS/ReactOSRCCompile1/media/fonts/georgia.ttf
reactos/Fonts/georgiab.ttf=/home/alice/Estudos/ReactOS/ReactOSRCCompile1/media/fonts/georgiab.ttf
reactos/Fonts/georgiai.ttf=/home/alice/Estudos/ReactOS/ReactOSRCCompile1/media/fonts/georgiai.ttf
reactos/Fonts/georgiaz.ttf=/home/alice/Estudos/ReactOS/ReactOSRCCompile1/media/fonts/georgiaz.ttf
reactos/Fonts/lucon.ttf=/home/alice/Estudos/ReactOS/ReactOSRCCompile1/media/fonts/lucon.ttf
reactos/Fonts/Marlett.ttf=/home/alice/Estudos/ReactOS/ReactOSRCCompile1/media/fonts/Marlett.ttf
reactos/Fonts/micross.ttf=/home/alice/Estudos/ReactOS/ReactOSRCCompile1/media/fonts/micross.ttf
reactos/Fonts/pala.ttf=/home/alice/Estudos/ReactOS/ReactOSRCCompile1/media/fonts/pala.ttf
reactos/Fonts/palab.ttf=/home/alice/Estudos/ReactOS/ReactOSRCCompile1/media/fonts/palab.ttf
reactos/Fonts/palabi.ttf=/home/alice/Estudos/ReactOS/ReactOSRCCompile1/media/fonts/palabi.ttf
reactos/Fonts/palai.ttf=/home/alice/Estudos/ReactOS/ReactOSRCCompile1/media/fonts/palai.ttf
reactos/Fonts/SourceSansPro-Regular.ttf=/home/alice/Estudos/ReactOS/ReactOSRCCompile1/media/fonts/SourceSansPro-Regular.ttf
reactos/Fonts/SourceSansPro-Bold.ttf=/home/alice/Estudos/ReactOS/ReactOSRCCompile1/media/fonts/SourceSansPro-Bold.ttf
reactos/Fonts/SourceSansPro-BoldIt.ttf=/home/alice/Estudos/ReactOS/ReactOSRCCompile1/media/fonts/SourceSansPro-BoldIt.ttf
reactos/Fonts/SourceSansPro-It.ttf=/home/alice/Estudos/ReactOS/ReactOSRCCompile1/media/fonts/SourceSansPro-It.ttf
reactos/Fonts/symbol.ttf=/home/alice/Estudos/ReactOS/ReactOSRCCompile1/media/fonts/symbol.ttf
reactos/Fonts/tahoma.ttf=/home/alice/Estudos/ReactOS/ReactOSRCCompile1/media/fonts/tahoma.ttf
reactos/Fonts/tahomabd.ttf=/home/alice/Estudos/ReactOS/ReactOSRCCompile1/media/fonts/tahomabd.ttf
reactos/Fonts/times.ttf=/home/alice/Estudos/ReactOS/ReactOSRCCompile1/media/fonts/times.ttf
reactos/Fonts/timesbd.ttf=/home/alice/Estudos/ReactOS/ReactOSRCCompile1/media/fonts/timesbd.ttf
reactos/Fonts/timesbi.ttf=/home/alice/Estudos/ReactOS/ReactOSRCCompile1/media/fonts/timesbi.ttf
reactos/Fonts/timesi.ttf=/home/alice/Estudos/ReactOS/ReactOSRCCompile1/media/fonts/timesi.ttf
reactos/Fonts/trebuc.ttf=/home/alice/Estudos/ReactOS/ReactOSRCCompile1/media/fonts/trebuc.ttf
reactos/Fonts/trebucbd.ttf=/home/alice/Estudos/ReactOS/ReactOSRCCompile1/media/fonts/trebucbd.ttf
reactos/Fonts/trebucbi.ttf=/home/alice/Estudos/ReactOS/ReactOSRCCompile1/media/fonts/trebucbi.ttf
reactos/Fonts/trebucit.ttf=/home/alice/Estudos/ReactOS/ReactOSRCCompile1/media/fonts/trebucit.ttf
reactos/Fonts/UniVGA16.ttf=/home/alice/Estudos/ReactOS/ReactOSRCCompile1/media/fonts/UniVGA16.ttf
reactos/Fonts/verdanab.ttf=/home/alice/Estudos/ReactOS/ReactOSRCCompile1/media/fonts/verdanab.ttf
reactos/Fonts/verdanaz.ttf=/home/alice/Estudos/ReactOS/ReactOSRCCompile1/media/fonts/verdanaz.ttf
reactos/Fonts/verdanai.ttf=/home/alice/Estudos/ReactOS/ReactOSRCCompile1/media/fonts/verdanai.ttf
reactos/Fonts/verdana.ttf=/home/alice/Estudos/ReactOS/ReactOSRCCompile1/media/fonts/verdana.ttf
reactos/Fonts/wingding.ttf=/home/alice/Estudos/ReactOS/ReactOSRCCompile1/media/fonts/wingding.ttf
reactos/inf/audio.inf=/home/alice/Estudos/ReactOS/ReactOSRCCompile1/build/media/inf/audio.inf
reactos/inf/battery.inf=/home/alice/Estudos/ReactOS/ReactOSRCCompile1/build/media/inf/battery.inf
reactos/inf/bda.inf=/home/alice/Estudos/ReactOS/ReactOSRCCompile1/build/media/inf/bda.inf
reactos/inf/bth.inf=/home/alice/Estudos/ReactOS/ReactOSRCCompile1/build/media/inf/bth.inf
reactos/inf/c_image.inf=/home/alice/Estudos/ReactOS/ReactOSRCCompile1/build/media/inf/c_image.inf
reactos/inf/display.inf=/home/alice/Estudos/ReactOS/ReactOSRCCompile1/build/media/inf/display.inf
reactos/inf/fdc.inf=/home/alice/Estudos/ReactOS/ReactOSRCCompile1/build/media/inf/fdc.inf
reactos/inf/flpydisk.inf=/home/alice/Estudos/ReactOS/ReactOSRCCompile1/build/media/inf/flpydisk.inf
reactos/inf/hal.inf=/home/alice/Estudos/ReactOS/ReactOSRCCompile1/build/media/inf/hal.inf
reactos/inf/hdc.inf=/home/alice/Estudos/ReactOS/ReactOSRCCompile1/build/media/inf/hdc.inf
reactos/inf/input.inf=/home/alice/Estudos/ReactOS/ReactOSRCCompile1/build/media/inf/input.inf
reactos/inf/keyboard.inf=/home/alice/Estudos/ReactOS/ReactOSRCCompile1/build/media/inf/keyboard.inf
reactos/inf/ks.inf=/home/alice/Estudos/ReactOS/ReactOSRCCompile1/build/media/inf/ks.inf
reactos/inf/kscaptur.inf=/home/alice/Estudos/ReactOS/ReactOSRCCompile1/build/media/inf/kscaptur.inf
reactos/inf/legcydrv.inf=/home/alice/Estudos/ReactOS/ReactOSRCCompile1/build/media/inf/legcydrv.inf
reactos/inf/machine.inf=/home/alice/Estudos/ReactOS/ReactOSRCCompile1/build/media/inf/machine.inf
reactos/inf/monitor.inf=/home/alice/Estudos/ReactOS/ReactOSRCCompile1/build/media/inf/monitor.inf
reactos/inf/msmouse.inf=/home/alice/Estudos/ReactOS/ReactOSRCCompile1/build/media/inf/msmouse.inf
reactos/inf/ndisuio.inf=/home/alice/Estudos/ReactOS/ReactOSRCCompile1/build/media/inf/ndisuio.inf
reactos/inf/NET_NIC.inf=/home/alice/Estudos/ReactOS/ReactOSRCCompile1/build/media/inf/NET_NIC.inf
reactos/inf/nettcpip.inf=/home/alice/Estudos/ReactOS/ReactOSRCCompile1/build/media/inf/nettcpip.inf
reactos/inf/ports.inf=/home/alice/Estudos/ReactOS/ReactOSRCCompile1/build/media/inf/ports.inf
reactos/inf/scsi.inf=/home/alice/Estudos/ReactOS/ReactOSRCCompile1/build/media/inf/scsi.inf
reactos/inf/shortcuts.inf=/home/alice/Estudos/ReactOS/ReactOSRCCompile1/build/media/inf/shortcuts.inf
reactos/inf/unknown.inf=/home/alice/Estudos/ReactOS/ReactOSRCCompile1/build/media/inf/unknown.inf
reactos/inf/usb.inf=/home/alice/Estudos/ReactOS/ReactOSRCCompile1/build/media/inf/usb.inf
reactos/inf/usbport.inf=/home/alice/Estudos/ReactOS/ReactOSRCCompile1/build/media/inf/usbport.inf
reactos/inf/volume.inf=/home/alice/Estudos/ReactOS/ReactOSRCCompile1/build/media/inf/volume.inf
reactos/inf/wdmaudio.inf=/home/alice/Estudos/ReactOS/ReactOSRCCompile1/build/media/inf/wdmaudio.inf
reactos/inf/wmiacpi.inf=/home/alice/Estudos/ReactOS/ReactOSRCCompile1/build/media/inf/wmiacpi.inf
reactos/inf/defltwk.inf=/home/alice/Estudos/ReactOS/ReactOSRCCompile1/media/inf/defltwk.inf
reactos/inf/font.inf=/home/alice/Estudos/ReactOS/ReactOSRCCompile1/media/inf/font.inf
reactos/inf/intl.inf=/home/alice/Estudos/ReactOS/ReactOSRCCompile1/media/inf/intl.inf
reactos/inf/layout.inf=/home/alice/Estudos/ReactOS/ReactOSRCCompile1/media/inf/layout.inf
reactos/inf/syssetup.inf=/home/alice/Estudos/ReactOS/ReactOSRCCompile1/media/inf/syssetup.inf
reactos/system32/c_037.nls=/home/alice/Estudos/ReactOS/ReactOSRCCompile1/build/media/nls/c_037.nls
reactos/system32/c_10000.nls=/home/alice/Estudos/ReactOS/ReactOSRCCompile1/build/media/nls/c_10000.nls
reactos/system32/c_10001.nls=/home/alice/Estudos/ReactOS/ReactOSRCCompile1/build/media/nls/c_10001.nls
reactos/system32/c_10002.nls=/home/alice/Estudos/ReactOS/ReactOSRCCompile1/build/media/nls/c_10002.nls
reactos/system32/c_10003.nls=/home/alice/Estudos/ReactOS/ReactOSRCCompile1/build/media/nls/c_10003.nls
reactos/system32/c_10004.nls=/home/alice/Estudos/ReactOS/ReactOSRCCompile1/build/media/nls/c_10004.nls
reactos/system32/c_10005.nls=/home/alice/Estudos/ReactOS/ReactOSRCCompile1/build/media/nls/c_10005.nls
reactos/system32/c_10006.nls=/home/alice/Estudos/ReactOS/ReactOSRCCompile1/build/media/nls/c_10006.nls
reactos/system32/c_10007.nls=/home/alice/Estudos/ReactOS/ReactOSRCCompile1/build/media/nls/c_10007.nls
reactos/system32/c_10008.nls=/home/alice/Estudos/ReactOS/ReactOSRCCompile1/build/media/nls/c_10008.nls
reactos/system32/c_10010.nls=/home/alice/Estudos/ReactOS/ReactOSRCCompile1/build/media/nls/c_10010.nls
reactos/system32/c_10017.nls=/home/alice/Estudos/ReactOS/ReactOSRCCompile1/build/media/nls/c_10017.nls
reactos/system32/c_10021.nls=/home/alice/Estudos/ReactOS/ReactOSRCCompile1/build/media/nls/c_10021.nls
reactos/system32/c_10029.nls=/home/alice/Estudos/ReactOS/ReactOSRCCompile1/build/media/nls/c_10029.nls
reactos/system32/c_10079.nls=/home/alice/Estudos/ReactOS/ReactOSRCCompile1/build/media/nls/c_10079.nls
reactos/system32/c_10081.nls=/home/alice/Estudos/ReactOS/ReactOSRCCompile1/build/media/nls/c_10081.nls
reactos/system32/c_10082.nls=/home/alice/Estudos/ReactOS/ReactOSRCCompile1/build/media/nls/c_10082.nls
reactos/system32/c_1006.nls=/home/alice/Estudos/ReactOS/ReactOSRCCompile1/build/media/nls/c_1006.nls
reactos/system32/c_1026.nls=/home/alice/Estudos/ReactOS/ReactOSRCCompile1/build/media/nls/c_1026.nls
reactos/system32/c_1047.nls=/home/alice/Estudos/ReactOS/ReactOSRCCompile1/build/media/nls/c_1047.nls
reactos/system32/c_1140.nls=/home/alice/Estudos/ReactOS/ReactOSRCCompile1/build/media/nls/c_1140.nls
reactos/system32/c_1141.nls=/home/alice/Estudos/ReactOS/ReactOSRCCompile1/build/media/nls/c_1141.nls
reactos/system32/c_1142.nls=/home/alice/Estudos/ReactOS/ReactOSRCCompile1/build/media/nls/c_1142.nls
reactos/system32/c_1143.nls=/home/alice/Estudos/ReactOS/ReactOSRCCompile1/build/media/nls/c_1143.nls
reactos/system32/c_1144.nls=/home/alice/Estudos/ReactOS/ReactOSRCCompile1/build/media/nls/c_1144.nls
reactos/system32/c_1145.nls=/home/alice/Estudos/ReactOS/ReactOSRCCompile1/build/media/nls/c_1145.nls
reactos/system32/c_1146.nls=/home/alice/Estudos/ReactOS/ReactOSRCCompile1/build/media/nls/c_1146.nls
reactos/system32/c_1147.nls=/home/alice/Estudos/ReactOS/ReactOSRCCompile1/build/media/nls/c_1147.nls
reactos/system32/c_1148.nls=/home/alice/Estudos/ReactOS/ReactOSRCCompile1/build/media/nls/c_1148.nls
reactos/system32/c_1149.nls=/home/alice/Estudos/ReactOS/ReactOSRCCompile1/build/media/nls/c_1149.nls
reactos/system32/c_1250.nls=/home/alice/Estudos/ReactOS/ReactOSRCCompile1/build/media/nls/c_1250.nls
reactos/system32/c_1251.nls=/home/alice/Estudos/ReactOS/ReactOSRCCompile1/build/media/nls/c_1251.nls
reactos/system32/c_1252.nls=/home/alice/Estudos/ReactOS/ReactOSRCCompile1/build/media/nls/c_1252.nls
reactos/system32/c_1253.nls=/home/alice/Estudos/ReactOS/ReactOSRCCompile1/build/media/nls/c_1253.nls
reactos/system32/c_1254.nls=/home/alice/Estudos/ReactOS/ReactOSRCCompile1/build/media/nls/c_1254.nls
reactos/system32/c_1255.nls=/home/alice/Estudos/ReactOS/ReactOSRCCompile1/build/media/nls/c_1255.nls
reactos/system32/c_1256.nls=/home/alice/Estudos/ReactOS/ReactOSRCCompile1/build/media/nls/c_1256.nls
reactos/system32/c_1257.nls=/home/alice/Estudos/ReactOS/ReactOSRCCompile1/build/media/nls/c_1257.nls
reactos/system32/c_1258.nls=/home/alice/Estudos/ReactOS/ReactOSRCCompile1/build/media/nls/c_1258.nls
reactos/system32/c_1361.nls=/home/alice/Estudos/ReactOS/ReactOSRCCompile1/build/media/nls/c_1361.nls
reactos/system32/c_20000.nls=/home/alice/Estudos/ReactOS/ReactOSRCCompile1/build/media/nls/c_20000.nls
reactos/system32/c_20001.nls=/home/alice/Estudos/ReactOS/ReactOSRCCompile1/build/media/nls/c_20001.nls
reactos/system32/c_20002.nls=/home/alice/Estudos/ReactOS/ReactOSRCCompile1/build/media/nls/c_20002.nls
reactos/system32/c_20003.nls=/home/alice/Estudos/ReactOS/ReactOSRCCompile1/build/media/nls/c_20003.nls
reactos/system32/c_20004.nls=/home/alice/Estudos/ReactOS/ReactOSRCCompile1/build/media/nls/c_20004.nls
reactos/system32/c_20005.nls=/home/alice/Estudos/ReactOS/ReactOSRCCompile1/build/media/nls/c_20005.nls
reactos/system32/c_20105.nls=/home/alice/Estudos/ReactOS/ReactOSRCCompile1/build/media/nls/c_20105.nls
reactos/system32/c_20106.nls=/home/alice/Estudos/ReactOS/ReactOSRCCompile1/build/media/nls/c_20106.nls
reactos/system32/c_20107.nls=/home/alice/Estudos/ReactOS/ReactOSRCCompile1/build/media/nls/c_20107.nls
reactos/system32/c_20108.nls=/home/alice/Estudos/ReactOS/ReactOSRCCompile1/build/media/nls/c_20108.nls
reactos/system32/c_20127.nls=/home/alice/Estudos/ReactOS/ReactOSRCCompile1/build/media/nls/c_20127.nls
reactos/system32/c_20261.nls=/home/alice/Estudos/ReactOS/ReactOSRCCompile1/build/media/nls/c_20261.nls
reactos/system32/c_20269.nls=/home/alice/Estudos/ReactOS/ReactOSRCCompile1/build/media/nls/c_20269.nls
reactos/system32/c_20273.nls=/home/alice/Estudos/ReactOS/ReactOSRCCompile1/build/media/nls/c_20273.nls
reactos/system32/c_20277.nls=/home/alice/Estudos/ReactOS/ReactOSRCCompile1/build/media/nls/c_20277.nls
reactos/system32/c_20278.nls=/home/alice/Estudos/ReactOS/ReactOSRCCompile1/build/media/nls/c_20278.nls
reactos/system32/c_20280.nls=/home/alice/Estudos/ReactOS/ReactOSRCCompile1/build/media/nls/c_20280.nls
reactos/system32/c_20284.nls=/home/alice/Estudos/ReactOS/ReactOSRCCompile1/build/media/nls/c_20284.nls
reactos/system32/c_20285.nls=/home/alice/Estudos/ReactOS/ReactOSRCCompile1/build/media/nls/c_20285.nls
reactos/system32/c_20290.nls=/home/alice/Estudos/ReactOS/ReactOSRCCompile1/build/media/nls/c_20290.nls
reactos/system32/c_20297.nls=/home/alice/Estudos/ReactOS/ReactOSRCCompile1/build/media/nls/c_20297.nls
reactos/system32/c_20420.nls=/home/alice/Estudos/ReactOS/ReactOSRCCompile1/build/media/nls/c_20420.nls
reactos/system32/c_20423.nls=/home/alice/Estudos/ReactOS/ReactOSRCCompile1/build/media/nls/c_20423.nls
reactos/system32/c_20424.nls=/home/alice/Estudos/ReactOS/ReactOSRCCompile1/build/media/nls/c_20424.nls
reactos/system32/c_20833.nls=/home/alice/Estudos/ReactOS/ReactOSRCCompile1/build/media/nls/c_20833.nls
reactos/system32/c_20838.nls=/home/alice/Estudos/ReactOS/ReactOSRCCompile1/build/media/nls/c_20838.nls
reactos/system32/c_20866.nls=/home/alice/Estudos/ReactOS/ReactOSRCCompile1/build/media/nls/c_20866.nls
reactos/system32/c_20871.nls=/home/alice/Estudos/ReactOS/ReactOSRCCompile1/build/media/nls/c_20871.nls
reactos/system32/c_20880.nls=/home/alice/Estudos/ReactOS/ReactOSRCCompile1/build/media/nls/c_20880.nls
reactos/system32/c_20905.nls=/home/alice/Estudos/ReactOS/ReactOSRCCompile1/build/media/nls/c_20905.nls
reactos/system32/c_20924.nls=/home/alice/Estudos/ReactOS/ReactOSRCCompile1/build/media/nls/c_20924.nls
reactos/system32/c_21025.nls=/home/alice/Estudos/ReactOS/ReactOSRCCompile1/build/media/nls/c_21025.nls
reactos/system32/c_21027.nls=/home/alice/Estudos/ReactOS/ReactOSRCCompile1/build/media/nls/c_21027.nls
reactos/system32/c_21866.nls=/home/alice/Estudos/ReactOS/ReactOSRCCompile1/build/media/nls/c_21866.nls
reactos/system32/c_28591.nls=/home/alice/Estudos/ReactOS/ReactOSRCCompile1/build/media/nls/c_28591.nls
reactos/system32/c_28592.nls=/home/alice/Estudos/ReactOS/ReactOSRCCompile1/build/media/nls/c_28592.nls
reactos/system32/c_28593.nls=/home/alice/Estudos/ReactOS/ReactOSRCCompile1/build/media/nls/c_28593.nls
reactos/system32/c_28594.nls=/home/alice/Estudos/ReactOS/ReactOSRCCompile1/build/media/nls/c_28594.nls
reactos/system32/c_28595.nls=/home/alice/Estudos/ReactOS/ReactOSRCCompile1/build/media/nls/c_28595.nls
reactos/system32/c_28596.nls=/home/alice/Estudos/ReactOS/ReactOSRCCompile1/build/media/nls/c_28596.nls
reactos/system32/c_28597.nls=/home/alice/Estudos/ReactOS/ReactOSRCCompile1/build/media/nls/c_28597.nls
reactos/system32/c_28598.nls=/home/alice/Estudos/ReactOS/ReactOSRCCompile1/build/media/nls/c_28598.nls
reactos/system32/c_28599.nls=/home/alice/Estudos/ReactOS/ReactOSRCCompile1/build/media/nls/c_28599.nls
reactos/system32/c_28600.nls=/home/alice/Estudos/ReactOS/ReactOSRCCompile1/build/media/nls/c_28600.nls
reactos/system32/c_28603.nls=/home/alice/Estudos/ReactOS/ReactOSRCCompile1/build/media/nls/c_28603.nls
reactos/system32/c_28604.nls=/home/alice/Estudos/ReactOS/ReactOSRCCompile1/build/media/nls/c_28604.nls
reactos/system32/c_28605.nls=/home/alice/Estudos/ReactOS/ReactOSRCCompile1/build/media/nls/c_28605.nls
reactos/system32/c_28606.nls=/home/alice/Estudos/ReactOS/ReactOSRCCompile1/build/media/nls/c_28606.nls
reactos/system32/c_29001.nls=/home/alice/Estudos/ReactOS/ReactOSRCCompile1/build/media/nls/c_29001.nls
reactos/system32/c_424.nls=/home/alice/Estudos/ReactOS/ReactOSRCCompile1/build/media/nls/c_424.nls
reactos/system32/c_437.nls=/home/alice/Estudos/ReactOS/ReactOSRCCompile1/build/media/nls/c_437.nls
reactos/system32/c_500.nls=/home/alice/Estudos/ReactOS/ReactOSRCCompile1/build/media/nls/c_500.nls
reactos/system32/c_708.nls=/home/alice/Estudos/ReactOS/ReactOSRCCompile1/build/media/nls/c_708.nls
reactos/system32/c_720.nls=/home/alice/Estudos/ReactOS/ReactOSRCCompile1/build/media/nls/c_720.nls
reactos/system32/c_737.nls=/home/alice/Estudos/ReactOS/ReactOSRCCompile1/build/media/nls/c_737.nls
reactos/system32/c_775.nls=/home/alice/Estudos/ReactOS/ReactOSRCCompile1/build/media/nls/c_775.nls
reactos/system32/c_850.nls=/home/alice/Estudos/ReactOS/ReactOSRCCompile1/build/media/nls/c_850.nls
reactos/system32/c_852.nls=/home/alice/Estudos/ReactOS/ReactOSRCCompile1/build/media/nls/c_852.nls
reactos/system32/c_855.nls=/home/alice/Estudos/ReactOS/ReactOSRCCompile1/build/media/nls/c_855.nls
reactos/system32/c_857.nls=/home/alice/Estudos/ReactOS/ReactOSRCCompile1/build/media/nls/c_857.nls
reactos/system32/c_858.nls=/home/alice/Estudos/ReactOS/ReactOSRCCompile1/build/media/nls/c_858.nls
reactos/system32/c_860.nls=/home/alice/Estudos/ReactOS/ReactOSRCCompile1/build/media/nls/c_860.nls
reactos/system32/c_861.nls=/home/alice/Estudos/ReactOS/ReactOSRCCompile1/build/media/nls/c_861.nls
reactos/system32/c_862.nls=/home/alice/Estudos/ReactOS/ReactOSRCCompile1/build/media/nls/c_862.nls
reactos/system32/c_863.nls=/home/alice/Estudos/ReactOS/ReactOSRCCompile1/build/media/nls/c_863.nls
reactos/system32/c_864.nls=/home/alice/Estudos/ReactOS/ReactOSRCCompile1/build/media/nls/c_864.nls
reactos/system32/c_865.nls=/home/alice/Estudos/ReactOS/ReactOSRCCompile1/build/media/nls/c_865.nls
reactos/system32/c_866.nls=/home/alice/Estudos/ReactOS/ReactOSRCCompile1/build/media/nls/c_866.nls
reactos/system32/c_869.nls=/home/alice/Estudos/ReactOS/ReactOSRCCompile1/build/media/nls/c_869.nls
reactos/system32/c_870.nls=/home/alice/Estudos/ReactOS/ReactOSRCCompile1/build/media/nls/c_870.nls
reactos/system32/c_874.nls=/home/alice/Estudos/ReactOS/ReactOSRCCompile1/build/media/nls/c_874.nls
reactos/system32/c_875.nls=/home/alice/Estudos/ReactOS/ReactOSRCCompile1/build/media/nls/c_875.nls
reactos/system32/c_932.nls=/home/alice/Estudos/ReactOS/ReactOSRCCompile1/build/media/nls/c_932.nls
reactos/system32/c_936.nls=/home/alice/Estudos/ReactOS/ReactOSRCCompile1/build/media/nls/c_936.nls
reactos/system32/c_949.nls=/home/alice/Estudos/ReactOS/ReactOSRCCompile1/build/media/nls/c_949.nls
reactos/system32/c_950.nls=/home/alice/Estudos/ReactOS/ReactOSRCCompile1/build/media/nls/c_950.nls
reactos/system32/l_intl.nls=/home/alice/Estudos/ReactOS/ReactOSRCCompile1/media/nls/l_intl.nls
reactos/system32/c_856.nls=/home/alice/Estudos/ReactOS/ReactOSRCCompile1/media/nls/c_856.nls
reactos/system32/c_878.nls=/home/alice/Estudos/ReactOS/ReactOSRCCompile1/media/nls/c_878.nls
reactos/system32/ctype.nls=/home/alice/Estudos/ReactOS/ReactOSRCCompile1/media/nls/ctype.nls
reactos/system32/geo.nls=/home/alice/Estudos/ReactOS/ReactOSRCCompile1/media/nls/geo.nls
reactos/system32/l_except.nls=/home/alice/Estudos/ReactOS/ReactOSRCCompile1/media/nls/l_except.nls
reactos/system32/locale.nls=/home/alice/Estudos/ReactOS/ReactOSRCCompile1/media/nls/locale.nls
reactos/system32/sortkey.nls=/home/alice/Estudos/ReactOS/ReactOSRCCompile1/media/nls/sortkey.nls
reactos/system32/sorttbls.nls=/home/alice/Estudos/ReactOS/ReactOSRCCompile1/media/nls/sorttbls.nls
reactos/system32/unicode.nls=/home/alice/Estudos/ReactOS/ReactOSRCCompile1/media/nls/unicode.nls
reactos/AppPatch/sysmain.sdb=/home/alice/Estudos/ReactOS/ReactOSRCCompile1/build/media/sdb/sysmain.sdb
reactos/media/ReactOS_Critical_Stop.wav=/home/alice/Estudos/ReactOS/ReactOSRCCompile1/media/sounds/ReactOS_Critical_Stop.wav
reactos/media/ReactOS_Startup.wav=/home/alice/Estudos/ReactOS/ReactOSRCCompile1/media/sounds/ReactOS_Startup.wav
reactos/media/ReactOS_Notify.wav=/home/alice/Estudos/ReactOS/ReactOSRCCompile1/media/sounds/ReactOS_Notify.wav
reactos/media/ReactOS_Recycle.wav=/home/alice/Estudos/ReactOS/ReactOSRCCompile1/media/sounds/ReactOS_Recycle.wav
reactos/Resources/Themes/Lautus/lautus.msstyles=/home/alice/Estudos/ReactOS/ReactOSRCCompile1/build/media/themes/Lautus/lautus.msstyles/lautus.msstyles
reactos/Resources/Themes/Lunar/lunar.msstyles=/home/alice/Estudos/ReactOS/ReactOSRCCompile1/build/media/themes/Lunar/lunar.msstyles/lunar.msstyles
reactos/Resources/Themes/Mizu/mizu.msstyles=/home/alice/Estudos/ReactOS/ReactOSRCCompile1/build/media/themes/Mizu/mizu.msstyles/mizu.msstyles
reactos/Resources/Themes/Modern/modern.msstyles=/home/alice/Estudos/ReactOS/ReactOSRCCompile1/build/media/themes/Modern/modern.msstyles/modern.msstyles
reactos/vgafonts.cab=/home/alice/Estudos/ReactOS/ReactOSRCCompile1/build/media/vgafonts/vgafonts.cab
reactos/system32/drivers/etc/hosts=/home/alice/Estudos/ReactOS/ReactOSRCCompile1/media/drivers/etc/hosts
reactos/system32/drivers/etc/KDBinit=/home/alice/Estudos/ReactOS/ReactOSRCCompile1/media/drivers/etc/KDBinit
reactos/system32/drivers/etc/networks=/home/alice/Estudos/ReactOS/ReactOSRCCompile1/media/drivers/etc/networks
reactos/system32/drivers/etc/protocol=/home/alice/Estudos/ReactOS/ReactOSRCCompile1/media/drivers/etc/protocol
reactos/system32/drivers/etc/services=/home/alice/Estudos/ReactOS/ReactOSRCCompile1/media/drivers/etc/services
reactos/winsxs/manifests/systemcompatible.manifest=/home/alice/Estudos/ReactOS/ReactOSRCCompile1/media/systemcompatible.manifest
reactos/system32/ntoskrnl.exe=/home/alice/Estudos/ReactOS/ReactOSRCCompile1/build/ntoskrnl/ntoskrnl.exe
reactos/system32/ntkrnlmp.exe=/home/alice/Estudos/ReactOS/ReactOSRCCompile1/build/ntoskrnl/ntkrnlmp/ntkrnlmp.exe
reactos/system32/csrsrv.dll=/home/alice/Estudos/ReactOS/ReactOSRCCompile1/build/subsystems/csr/csrsrv/csrsrv.dll
reactos/system32/csrss.exe=/home/alice/Estudos/ReactOS/ReactOSRCCompile1/build/subsystems/csr/csrss/csrss.exe
reactos/system32/AUTOEXEC.NT=/home/alice/Estudos/ReactOS/ReactOSRCCompile1/subsystems/mvdm/config/AUTOEXEC.NT
reactos/repair/AUTOEXEC.NT=/home/alice/Estudos/ReactOS/ReactOSRCCompile1/subsystems/mvdm/config/AUTOEXEC.NT
reactos/system32/CONFIG.NT=/home/alice/Estudos/ReactOS/ReactOSRCCompile1/subsystems/mvdm/config/CONFIG.NT
reactos/repair/CONFIG.NT=/home/alice/Estudos/ReactOS/ReactOSRCCompile1/subsystems/mvdm/config/CONFIG.NT
reactos/system.ini=/home/alice/Estudos/ReactOS/ReactOSRCCompile1/subsystems/mvdm/config/system.ini
reactos/win.ini=/home/alice/Estudos/ReactOS/ReactOSRCCompile1/subsystems/mvdm/config/win.ini
reactos/system32/command.com=/home/alice/Estudos/ReactOS/ReactOSRCCompile1/build/subsystems/mvdm/dos/command.com
reactos/system32/ntvdm.exe=/home/alice/Estudos/ReactOS/ReactOSRCCompile1/build/subsystems/mvdm/ntvdm/ntvdm.exe
reactos/system32/pifmgr.dll=/home/alice/Estudos/ReactOS/ReactOSRCCompile1/build/subsystems/mvdm/pifmgr/pifmgr.dll
reactos/system32/vdmdbg.dll=/home/alice/Estudos/ReactOS/ReactOSRCCompile1/build/subsystems/mvdm/vdmdbg/vdmdbg.dll
reactos/system32/user.exe=/home/alice/Estudos/ReactOS/ReactOSRCCompile1/build/subsystems/mvdm/wow16/user/user.exe
reactos/system32/basesrv.dll=/home/alice/Estudos/ReactOS/ReactOSRCCompile1/build/subsystems/win/basesrv/basesrv.dll
reactos/system32/framebuf.dll=/home/alice/Estudos/ReactOS/ReactOSRCCompile1/build/win32ss/drivers/displays/framebuf/framebuf.dll
reactos/system32/vgaddi.dll=/home/alice/Estudos/ReactOS/ReactOSRCCompile1/build/win32ss/drivers/displays/vga/vgaddi.dll
reactos/system32/ftfd.dll=/home/alice/Estudos/ReactOS/ReactOSRCCompile1/build/win32ss/drivers/font/ftfd/ftfd.dll
reactos/system32/drivers/bochsmp.sys=/home/alice/Estudos/ReactOS/ReactOSRCCompile1/build/win32ss/drivers/miniport/bochs/bochsmp.sys
reactos/inf/bochsmp.inf=/home/alice/Estudos/ReactOS/ReactOSRCCompile1/build/win32ss/drivers/miniport/bochs/bochsmp.inf
reactos/system32/drivers/vgapnp.sys=/home/alice/Estudos/ReactOS/ReactOSRCCompile1/build/win32ss/drivers/miniport/vbe/vgapnp.sys
reactos/system32/drivers/vga.sys=/home/alice/Estudos/ReactOS/ReactOSRCCompile1/build/win32ss/drivers/miniport/vga/vga.sys
reactos/system32/drivers/videoprt.sys=/home/alice/Estudos/ReactOS/ReactOSRCCompile1/build/win32ss/drivers/videoprt/videoprt.sys
reactos/system32/drivers/watchdog.sys=/home/alice/Estudos/ReactOS/ReactOSRCCompile1/build/win32ss/drivers/watchdog/watchdog.sys
reactos/system32/gdi32.dll=/home/alice/Estudos/ReactOS/ReactOSRCCompile1/build/win32ss/gdi/gdi32/gdi32.dll
reactos/system32/gdi32_vista.dll=/home/alice/Estudos/ReactOS/ReactOSRCCompile1/build/win32ss/gdi/gdi32_vista/gdi32_vista.dll
reactos/system32/ntprint.dll=/home/alice/Estudos/ReactOS/ReactOSRCCompile1/build/win32ss/printing/base/ntprint/ntprint.dll
reactos/system32/printui.dll=/home/alice/Estudos/ReactOS/ReactOSRCCompile1/build/win32ss/printing/base/printui/printui.dll
reactos/system32/spoolss.dll=/home/alice/Estudos/ReactOS/ReactOSRCCompile1/build/win32ss/printing/base/spoolss/spoolss.dll
reactos/system32/spoolsv.exe=/home/alice/Estudos/ReactOS/ReactOSRCCompile1/build/win32ss/printing/base/spoolsv/spoolsv.exe
reactos/system32/winspool.drv=/home/alice/Estudos/ReactOS/ReactOSRCCompile1/build/win32ss/printing/base/winspool/winspool.drv
reactos/system32/localui.dll=/home/alice/Estudos/ReactOS/ReactOSRCCompile1/build/win32ss/printing/monitors/localmon/ui/localui.dll
reactos/system32/localmon.dll=/home/alice/Estudos/ReactOS/ReactOSRCCompile1/build/win32ss/printing/monitors/localmon/localmon.dll
reactos/system32/spool/prtprocs/w32x86/winprint.dll=/home/alice/Estudos/ReactOS/ReactOSRCCompile1/build/win32ss/printing/processors/winprint/winprint.dll
reactos/system32/localspl.dll=/home/alice/Estudos/ReactOS/ReactOSRCCompile1/build/win32ss/printing/providers/localspl/localspl.dll
reactos/system32/drivers/dxapi.sys=/home/alice/Estudos/ReactOS/ReactOSRCCompile1/build/win32ss/reactx/dxapi/dxapi.sys
reactos/system32/drivers/dxg.sys=/home/alice/Estudos/ReactOS/ReactOSRCCompile1/build/win32ss/reactx/dxg/dxg.sys
reactos/system32/drivers/dxgthk.sys=/home/alice/Estudos/ReactOS/ReactOSRCCompile1/build/win32ss/reactx/dxgthk/dxgthk.sys
reactos/system32/imm32.dll=/home/alice/Estudos/ReactOS/ReactOSRCCompile1/build/win32ss/user/imm32/imm32.dll
reactos/system32/user32.dll=/home/alice/Estudos/ReactOS/ReactOSRCCompile1/build/win32ss/user/user32/user32.dll
reactos/system32/user32_vista.dll=/home/alice/Estudos/ReactOS/ReactOSRCCompile1/build/win32ss/user/user32_vista/user32_vista.dll
reactos/system32/winsrv.dll=/home/alice/Estudos/ReactOS/ReactOSRCCompile1/build/win32ss/user/winsrv/winsrv.dll
reactos/system32/win32u.dll=/home/alice/Estudos/ReactOS/ReactOSRCCompile1/build/win32ss/win32u/win32u.dll
reactos/system32/win32k.sys=/home/alice/Estudos/ReactOS/ReactOSRCCompile1/build/win32ss/win32k.sys
reactos/system32/config/system=/home/alice/Estudos/ReactOS/ReactOSRCCompile1/build/boot/bootdata/system
reactos/system32/config/software=/home/alice/Estudos/ReactOS/ReactOSRCCompile1/build/boot/bootdata/software
reactos/system32/config/default=/home/alice/Estudos/ReactOS/ReactOSRCCompile1/build/boot/bootdata/default
reactos/system32/config/sam=/home/alice/Estudos/ReactOS/ReactOSRCCompile1/build/boot/bootdata/sam
reactos/system32/config/security=/home/alice/Estudos/ReactOS/ReactOSRCCompile1/build/boot/bootdata/security
